Workbook

Sheet Prodotti
A2: Azienda | B2: Prodotto | C2: Quantità | D2: Prezzo | E2: Totale
A3: EcoVibe Solutions | B3: Vibrazione | C3: 1000 | D3: 13.5 | E3: =+C3*D3 -> 13500
A4: AquaLux Dynamics | B4: Crema | C4: 700 | D4: 18.75 | E4: =+C4*D4 -> 13125
A5: AquaLux Dynamics | B5: Acqua | C5: 900 | D5: 14 | E5: =+C5*D5 -> 12600
A6: AquaLux Dynamics | B6: Pianeta | C6: 600 | D6: 20 | E6: =+C6*D6 -> 12000
A7: SolarTech Solutions | B7: Orizzonte | C7: 1100 | D7: 10.5 | E7: =+C7*D7 -> 11550
A8: Tech Innovations Ltd. | B8: Cibo | C8: 1200 | D8: 8.5 | E8: =+C8*D8 -> 10200
A9: SolarTech Solutions | B9: Pannelli | C9: 800 | D9: 12.25 | E9: =+C9*D9 -> 9800
A10: SolarTech Solutions | B10: Infinito | C10: 1500 | D10: 6.5 | E10: =+C10*D10 -> 9750
A11: Tech Innovations Ltd. | B11: Tecnologia | C11: 500 | D11: 15.75 | E11: =+C11*D11 -> 7875
A12: Tech Innovations Ltd. | B12: Quanti | C12: 300 | D12: 25 | E12: =+C12*D12 -> 7500

Sheet Azienda
A2: Azienda | B2: Quantità | C2: Prezzo | D2: Totale
A3: AquaLux Dynamics | B3: =+SUMIF(Prodotti!$A$3:$A$12,Azienda!A4,Prodotti!C$3:C$12) -> 3400 | C3: =+SUMIF(Prodotti!$A$3:$A$12,A3,Prodotti!D$3:D$12) -> 52.75 | D3: =+SUMIF(Prodotti!$A$3:$A$12,A3,Prodotti!E$3:E$12) -> 37725
A4: SolarTech Solutions | B4: =+SUMIF(Prodotti!$A$3:$A$12,Azienda!A5,Prodotti!C$3:C$12) -> 2000 | C4: =+SUMIF(Prodotti!$A$3:$A$12,A4,Prodotti!D$3:D$12) -> 29.25 | D4: =+SUMIF(Prodotti!$A$3:$A$12,A4,Prodotti!E$3:E$12) -> 31100
A5: Tech Innovations Ltd. | B5: =+SUMIF(Prodotti!$A$3:$A$12,Azienda!A6,Prodotti!C$3:C$12) -> 1000 | C5: =+SUMIF(Prodotti!$A$3:$A$12,A5,Prodotti!D$3:D$12) -> 49.25 | D5: =+SUMIF(Prodotti!$A$3:$A$12,A5,Prodotti!E$3:E$12) -> 25575
A6: EcoVibe Solutions | B6: =+SUMIF(Prodotti!$A$3:$A$12,Azienda!A3,Prodotti!C$3:C$12) -> 2200 | C6: =+SUMIF(Prodotti!$A$3:$A$12,A6,Prodotti!D$3:D$12) -> 13.5 | D6: =+SUMIF(Prodotti!$A$3:$A$12,A6,Prodotti!E$3:E$12) -> 13500
