Workbook
Name Categoria: 'Strutture ricettive'!$A$2:$A$1048576
Name Città: 'Strutture ricettive'!$E$2:$E$1048576
Name Denominazione: 'Strutture ricettive'!$B$2:$B$1048576
Name Indirizzo: 'Strutture ricettive'!$D$2:$D$1048576
Name Indirizzo_di_posta_elettronica: 'Strutture ricettive'!$I$2:$I$1048576
Name Indirizzo_internet: 'Strutture ricettive'!$G$2:$G$1048576
Name Localita: 'Strutture ricettive'!$F$2:$F$1048576
Name Nome_Struttura: '[1]Strutture ricettive'!$B$2:$B$1048576

Sheet Riepilogo
B2: Città | C2: (Tutto)
B4: Categoria di strutture | C4: N. di strutture
B5: ALBERGHI | C5: 814
B6: ALLOGGIAGRITURISTICI | C6: 830
B7: ALLOGGIINAFFITTO | C7: 541
B8: ALTRIALLOGGIPRIVATI | C8: 721
B9: ALTRIESERCIZIRICETTIVI | C9: 13
B10: AREEDISOSTA(PLEINAIR) | C10: 86
B11: BED&BREAKFAST | C11: 1809
B12: CAMPEGGI | C12: 93
B13: CASEPERFERIE | C13: 82
B14: OSTELLIPERLAGIOVENTU' | C14: 30
B15: RESIDENZETURISTICOALBERGHIERE | C15: 52
B16: RIFUGI | C16: 16
... B20: Totale complessivo | C20: 6258

Sheet Strutture ricettive
A1: Categoria | B1: Denominazione | C1: Indirizzo | D1: Città | E1: Localita | F1: Indirizzointernet | G1: Test | H1: Indirizzodipostaelettronica | I1: IndirizzointernetClean | J1: IndirizzodipostaelettronicaClean
A2: ALLOGGIINAFFITTO | B2: 124AFFITTACAMERE | C2: viaSandroPertini55 | D2: TOLENTINO | E2: Non disponibile | F2: Non disponibile | H2: info@124tolentino.it | I2: =IF(BnB[[#This Row],[Test]]="a",BnB[[#This Row],[Indirizzodipostaelettronica]],IF(BnB[[#This Row],[Test]]="b","Non disponibile",IF(BnB[[#This Row],[Test]]="c",BnB[[#This Row],[Indirizzodipostaelettronica]],IF(BnB[[#This Row],[Test]]="d",BnB[[#This Row],[Indirizzodipostaelettronica]],BnB[[#This Row],[Indirizzointernet]])))) -> Non disponibile | J2: =IF(BnB[[#This Row],[Test]]="a",BnB[[#This Row],[Indirizzointernet]],IF(BnB[[#This Row],[Test]]="b",CONCATENATE(BnB[[#This Row],[Indirizzointernet]],"; ",BnB[[#This Row],[Indirizzodipostaelettronica]]),IF(BnB[[#This Row],[Test]]="c",BnB[[#This Row],[Indirizzointernet]],IF(BnB[[#This Row],[Test]]="d",BnB[[#This Row],[Indirizzointernet]],BnB[[#This Row],[Indirizzodipostaelettronica]])))) -> info@124tolentino.it
A3: ALLOGGIINAFFITTO | B3: 2000diDIAMANTINIASSUNTA | C3: viagiacomopuccini9 | D3: SASSOCORVARO | E3: SASSOCORVARO | F3: Non disponibile | H3: fabbrica-delle-idee@libero.it | I3: =IF(BnB[[#This Row],[Test]]="a",BnB[[#This Row],[Indirizzodipostaelettronica]],IF(BnB[[#This Row],[Test]]="b","Non disponibile",IF(BnB[[#This Row],[Test]]="c",BnB[[#This Row],[Indirizzodipostaelettronica]],IF(BnB[[#This Row],[Test]]="d",BnB[[#This Row],[Indirizzodipostaelettronica]],BnB[[#This Row],[Indirizzointernet]])))) -> Non disponibile | J3: =IF(BnB[[#This Row],[Test]]="a",BnB[[#This Row],[Indirizzointernet]],IF(BnB[[#This Row],[Test]]="b",CONCATENATE(BnB[[#This Row],[Indirizzointernet]],"; ",BnB[[#This Row],[Indirizzodipostaelettronica]]),IF(BnB[[#This Row],[Test]]="c",BnB[[#This Row],[Indirizzointernet]],IF(BnB[[#This Row],[Test]]="d",BnB[[#This Row],[Indirizzointernet]],BnB[[#This Row],[Indirizzodipostaelettronica]])))) -> fabbrica-delle-idee@libero.it
A4: STABILIMENTIBALNEARI | B4: 30NODI | C4: viadelgolfo25 | D4: NUMANA | E4: NUMANA | F4: Non disponibile | H4: alexpanocchi@hotmail.com | I4: =IF(BnB[[#This Row],[Test]]="a",BnB[[#This Row],[Indirizzodipostaelettronica]],IF(BnB[[#This Row],[Test]]="b","Non disponibile",IF(BnB[[#This Row],[Test]]="c",BnB[[#This Row],[Indirizzodipostaelettronica]],IF(BnB[[#This Row],[Test]]="d",BnB[[#This Row],[Indirizzodipostaelettronica]],BnB[[#This Row],[Indirizzointernet]])))) -> Non disponibile | J4: =IF(BnB[[#This Row],[Test]]="a",BnB[[#This Row],[Indirizzointernet]],IF(BnB[[#This Row],[Test]]="b",CONCATENATE(BnB[[#This Row],[Indirizzointernet]],"; ",BnB[[#This Row],[Indirizzodipostaelettronica]]),IF(BnB[[#This Row],[Test]]="c",BnB[[#This Row],[Indirizzointernet]],IF(BnB[[#This Row],[Test]]="d",BnB[[#This Row],[Indirizzointernet]],BnB[[#This Row],[Indirizzodipostaelettronica]])))) -> alexpanocchi@hotmail.com
A5: ALLOGGIINAFFITTO | B5: 3JOLIE | C5: vialeCadutidelLavoro1 | D5: SIROLO | E5: SIROLO | F5: www.cameresirolo.com | H5: info@cameresirolo.com | I5: =IF(BnB[[#This Row],[Test]]="a",BnB[[#This Row],[Indirizzodipostaelettronica]],IF(BnB[[#This Row],[Test]]="b","Non disponibile",IF(BnB[[#This Row],[Test]]="c",BnB[[#This Row],[Indirizzodipostaelettronica]],IF(BnB[[#This Row],[Test]]="d",BnB[[#This Row],[Indirizzodipostaelettronica]],BnB[[#This Row],[Indirizzointernet]])))) -> www.cameresirolo.com | J5: =IF(BnB[[#This Row],[Test]]="a",BnB[[#This Row],[Indirizzointernet]],IF(BnB[[#This Row],[Test]]="b",CONCATENATE(BnB[[#This Row],[Indirizzointernet]],"; ",BnB[[#This Row],[Indirizzodipostaelettronica]]),IF(BnB[[#This Row],[Test]]="c",BnB[[#This Row],[Indirizzointernet]],IF(BnB[[#This Row],[Test]]="d",BnB[[#This Row],[Indirizzointernet]],BnB[[#This Row],[Indirizzodipostaelettronica]])))) -> info@cameresirolo.com
A6: STABILIMENTIBALNEARI | B6: 45.COM | D6: SANBENEDETTODELTRONTO | E6: Non disponibile | F6: Non disponibile | H6: Non disponibile | I6: =IF(BnB[[#This Row],[Test]]="a",BnB[[#This Row],[Indirizzodipostaelettronica]],IF(BnB[[#This Row],[Test]]="b","Non disponibile",IF(BnB[[#This Row],[Test]]="c",BnB[[#This Row],[Indirizzodipostaelettronica]],IF(BnB[[#This Row],[Test]]="d",BnB[[#This Row],[Indirizzodipostaelettronica]],BnB[[#This Row],[Indirizzointernet]])))) -> Non disponibile | J6: =IF(BnB[[#This Row],[Test]]="a",BnB[[#This Row],[Indirizzointernet]],IF(BnB[[#This Row],[Test]]="b",CONCATENATE(BnB[[#This Row],[Indirizzointernet]],"; ",BnB[[#This Row],[Indirizzodipostaelettronica]]),IF(BnB[[#This Row],[Test]]="c",BnB[[#This Row],[Indirizzointernet]],IF(BnB[[#This Row],[Test]]="d",BnB[[#This Row],[Indirizzointernet]],BnB[[#This Row],[Indirizzodipostaelettronica]])))) -> Non disponibile
A7: BED&BREAKFAST | B7: 4PINI | C7: ViadellaMadonnetta10/A | D7: ANCONA | E7: ANCONA | F7: http://www.4pini.it | H7: info@4pini.it | I7: =IF(BnB[[#This Row],[Test]]="a",BnB[[#This Row],[Indirizzodipostaelettronica]],IF(BnB[[#This Row],[Test]]="b","Non disponibile",IF(BnB[[#This Row],[Test]]="c",BnB[[#This Row],[Indirizzodipostaelettronica]],IF(BnB[[#This Row],[Test]]="d",BnB[[#This Row],[Indirizzodipostaelettronica]],BnB[[#This Row],[Indirizzointernet]])))) -> http://www.4pini.it | J7: =IF(BnB[[#This Row],[Test]]="a",BnB[[#This Row],[Indirizzointernet]],IF(BnB[[#This Row],[Test]]="b",CONCATENATE(BnB[[#This Row],[Indirizzointernet]],"; ",BnB[[#This Row],[Indirizzodipostaelettronica]]),IF(BnB[[#This Row],[Test]]="c",BnB[[#This Row],[Indirizzointernet]],IF(BnB[[#This Row],[Test]]="d",BnB[[#This Row],[Indirizzointernet]],BnB[[#This Row],[Indirizzodipostaelettronica]])))) -> info@4pini.it
A8: STABILIMENTIBALNEARI | B8: 4SORELLE | C8: vialealcidedegasperi11 | D8: GROTTAMMARE | E8: Non disponibile | F8: Non disponibile | H8: Non disponibile | I8: =IF(BnB[[#This Row],[Test]]="a",BnB[[#This Row],[Indirizzodipostaelettronica]],IF(BnB[[#This Row],[Test]]="b","Non disponibile",IF(BnB[[#This Row],[Test]]="c",BnB[[#This Row],[Indirizzodipostaelettronica]],IF(BnB[[#This Row],[Test]]="d",BnB[[#This Row],[Indirizzodipostaelettronica]],BnB[[#This Row],[Indirizzointernet]])))) -> Non disponibile | J8: =IF(BnB[[#This Row],[Test]]="a",BnB[[#This Row],[Indirizzointernet]],IF(BnB[[#This Row],[Test]]="b",CONCATENATE(BnB[[#This Row],[Indirizzointernet]],"; ",BnB[[#This Row],[Indirizzodipostaelettronica]]),IF(BnB[[#This Row],[Test]]="c",BnB[[#This Row],[Indirizzointernet]],IF(BnB[[#This Row],[Test]]="d",BnB[[#This Row],[Indirizzointernet]],BnB[[#This Row],[Indirizzodipostaelettronica]])))) -> Non disponibile
A9: CAMPEGGI | B9: 4STAGIONI | C9: contradaBrilli1 | D9: SARNANO | E9: SARNANO | F9: www.camping4stagioni.it | H9: quattrostagioni@camping.it | I9: =IF(BnB[[#This Row],[Test]]="a",BnB[[#This Row],[Indirizzodipostaelettronica]],IF(BnB[[#This Row],[Test]]="b","Non disponibile",IF(BnB[[#This Row],[Test]]="c",BnB[[#This Row],[Indirizzodipostaelettronica]],IF(BnB[[#This Row],[Test]]="d",BnB[[#This Row],[Indirizzodipostaelettronica]],BnB[[#This Row],[Indirizzointernet]])))) -> www.camping4stagioni.it | J9: =IF(BnB[[#This Row],[Test]]="a",BnB[[#This Row],[Indirizzointernet]],IF(BnB[[#This Row],[Test]]="b",CONCATENATE(BnB[[#This Row],[Indirizzointernet]],"; ",BnB[[#This Row],[Indirizzodipostaelettronica]]),IF(BnB[[#This Row],[Test]]="c",BnB[[#This Row],[Indirizzointernet]],IF(BnB[[#This Row],[Test]]="d",BnB[[#This Row],[Indirizzointernet]],BnB[[#This Row],[Indirizzodipostaelettronica]])))) -> quattrostagioni@camping.it
A10: ALTRIALLOGGIPRIVATI | B10: 5ALBERI | C10: viaGualdo7 | D10: BELVEDEREOSTRENSE | E10: Non disponibile | F10: www.5alberi.com | H10: info@5alberi.com | I10: =IF(BnB[[#This Row],[Test]]="a",BnB[[#This Row],[Indirizzodipostaelettronica]],IF(BnB[[#This Row],[Test]]="b","Non disponibile",IF(BnB[[#This Row],[Test]]="c",BnB[[#This Row],[Indirizzodipostaelettronica]],IF(BnB[[#This Row],[Test]]="d",BnB[[#This Row],[Indirizzodipostaelettronica]],BnB[[#This Row],[Indirizzointernet]])))) -> www.5alberi.com | J10: =IF(BnB[[#This Row],[Test]]="a",BnB[[#This Row],[Indirizzointernet]],IF(BnB[[#This Row],[Test]]="b",CONCATENATE(BnB[[#This Row],[Indirizzointernet]],"; ",BnB[[#This Row],[Indirizzodipostaelettronica]]),IF(BnB[[#This Row],[Test]]="c",BnB[[#This Row],[Indirizzointernet]],IF(BnB[[#This Row],[Test]]="d",BnB[[#This Row],[Indirizzointernet]],BnB[[#This Row],[Indirizzodipostaelettronica]])))) -> info@5alberi.com
A11: BED&BREAKFAST | B11: 5COLLI | C11: COLLESANT'ANGELO32A | D11: MONTEPRANDONE | E11: Non disponibile | F11: cinquecolli.bnb@hotmail.com | G11: b | H11: bruni.cinzia@hotmail.it | I11: =IF(BnB[[#This Row],[Test]]="a",BnB[[#This Row],[Indirizzodipostaelettronica]],IF(BnB[[#This Row],[Test]]="b","Non disponibile",IF(BnB[[#This Row],[Test]]="c",BnB[[#This Row],[Indirizzodipostaelettronica]],IF(BnB[[#This Row],[Test]]="d",BnB[[#This Row],[Indirizzodipostaelettronica]],BnB[[#This Row],[Indirizzointernet]])))) -> Non disponibile | J11: =IF(BnB[[#This Row],[Test]]="a",BnB[[#This Row],[Indirizzointernet]],IF(BnB[[#This Row],[Test]]="b",CONCATENATE(BnB[[#This Row],[Indirizzointernet]],"; ",BnB[[#This Row],[Indirizzodipostaelettronica]]),IF(BnB[[#This Row],[Test]]="c",BnB[[#This Row],[Indirizzointernet]],IF(BnB[[#This Row],[Test]]="d",BnB[[#This Row],[Indirizzointernet]],BnB[[#This Row],[Indirizzodipostaelettronica]])))) -> cinquecolli.bnb@hotmail.com; bruni.cinzia@hotmail.it
A12: TURISMORURALE | B12: 9CAMERE | C12: viaCave5 | D12: SIROLO | E12: Non disponibile | F12: www.novecamere.it | H12: info@novecamere.it | I12: =IF(BnB[[#This Row],[Test]]="a",BnB[[#This Row],[Indirizzodipostaelettronica]],IF(BnB[[#This Row],[Test]]="b","Non disponibile",IF(BnB[[#This Row],[Test]]="c",BnB[[#This Row],[Indirizzodipostaelettronica]],IF(BnB[[#This Row],[Test]]="d",BnB[[#This Row],[Indirizzodipostaelettronica]],BnB[[#This Row],[Indirizzointernet]])))) -> www.novecamere.it | J12: =IF(BnB[[#This Row],[Test]]="a",BnB[[#This Row],[Indirizzointernet]],IF(BnB[[#This Row],[Test]]="b",CONCATENATE(BnB[[#This Row],[Indirizzointernet]],"; ",BnB[[#This Row],[Indirizzodipostaelettronica]]),IF(BnB[[#This Row],[Test]]="c",BnB[[#This Row],[Indirizzointernet]],IF(BnB[[#This Row],[Test]]="d",BnB[[#This Row],[Indirizzointernet]],BnB[[#This Row],[Indirizzodipostaelettronica]])))) -> info@novecamere.it
A13: ALLOGGIAGRITURISTICI | B13: A3PASSI | C13: viadelCarmine51 | D13: ANCONA | E13: Non disponibile | F13: www.a3passi.com | H13: a3passi@aziendadelcarmine.it | I13: =IF(BnB[[#This Row],[Test]]="a",BnB[[#This Row],[Indirizzodipostaelettronica]],IF(BnB[[#This Row],[Test]]="b","Non disponibile",IF(BnB[[#This Row],[Test]]="c",BnB[[#This Row],[Indirizzodipostaelettronica]],IF(BnB[[#This Row],[Test]]="d",BnB[[#This Row],[Indirizzodipostaelettronica]],BnB[[#This Row],[Indirizzointernet]])))) -> www.a3passi.com | J13: =IF(BnB[[#This Row],[Test]]="a",BnB[[#This Row],[Indirizzointernet]],IF(BnB[[#This Row],[Test]]="b",CONCATENATE(BnB[[#This Row],[Indirizzointernet]],"; ",BnB[[#This Row],[Indirizzodipostaelettronica]]),IF(BnB[[#This Row],[Test]]="c",BnB[[#This Row],[Indirizzointernet]],IF(BnB[[#This Row],[Test]]="d",BnB[[#This Row],[Indirizzointernet]],BnB[[#This Row],[Indirizzodipostaelettronica]])))) -> a3passi@aziendadelcarmine.it
A14: STABILIMENTIBALNEARI | B14: ABBADETTAMARE | C14: lungomaremarconi55 | D14: SANBENEDETTODELTRONTO | E14: SENIGALLIA | F14: info@lapacehotel.it | G14: c | H14: www.lapacehotel.it | I14: =IF(BnB[[#This Row],[Test]]="a",BnB[[#This Row],[Indirizzodipostaelettronica]],IF(BnB[[#This Row],[Test]]="b","Non disponibile",IF(BnB[[#This Row],[Test]]="c",BnB[[#This Row],[Indirizzodipostaelettronica]],IF(BnB[[#This Row],[Test]]="d",BnB[[#This Row],[Indirizzodipostaelettronica]],BnB[[#This Row],[Indirizzointernet]])))) -> www.lapacehotel.it | J14: =IF(BnB[[#This Row],[Test]]="a",BnB[[#This Row],[Indirizzointernet]],IF(BnB[[#This Row],[Test]]="b",CONCATENATE(BnB[[#This Row],[Indirizzointernet]],"; ",BnB[[#This Row],[Indirizzodipostaelettronica]]),IF(BnB[[#This Row],[Test]]="c",BnB[[#This Row],[Indirizzointernet]],IF(BnB[[#This Row],[Test]]="d",BnB[[#This Row],[Indirizzointernet]],BnB[[#This Row],[Indirizzodipostaelettronica]])))) -> info@lapacehotel.it
A15: ALBERGHI | B15: ABBADETTARESORT | C15: viaAbbadetta36 | D15: ACQUAVIVAPICENA | E15: ACQUAVIVAPICENA | F15: www.abbadetta.it | H15: sabrina-riccioni@hotmail.com | I15: =IF(BnB[[#This Row],[Test]]="a",BnB[[#This Row],[Indirizzodipostaelettronica]],IF(BnB[[#This Row],[Test]]="b","Non disponibile",IF(BnB[[#This Row],[Test]]="c",BnB[[#This Row],[Indirizzodipostaelettronica]],IF(BnB[[#This Row],[Test]]="d",BnB[[#This Row],[Indirizzodipostaelettronica]],BnB[[#This Row],[Indirizzointernet]])))) -> www.abbadetta.it | J15: =IF(BnB[[#This Row],[Test]]="a",BnB[[#This Row],[Indirizzointernet]],IF(BnB[[#This Row],[Test]]="b",CONCATENATE(BnB[[#This Row],[Indirizzointernet]],"; ",BnB[[#This Row],[Indirizzodipostaelettronica]]),IF(BnB[[#This Row],[Test]]="c",BnB[[#This Row],[Indirizzointernet]],IF(BnB[[#This Row],[Test]]="d",BnB[[#This Row],[Indirizzointernet]],BnB[[#This Row],[Indirizzodipostaelettronica]])))) -> sabrina-riccioni@hotmail.com
A16: CASEPERFERIE | B16: ABBADIADIELCITO | C16: localita'Elcito1 | D16: SANSEVERINOMARCHE | E16: SANSEVERINOMARCHE | F16: Non disponibile | H16: edo11@libero.it | I16: =IF(BnB[[#This Row],[Test]]="a",BnB[[#This Row],[Indirizzodipostaelettronica]],IF(BnB[[#This Row],[Test]]="b","Non disponibile",IF(BnB[[#This Row],[Test]]="c",BnB[[#This Row],[Indirizzodipostaelettronica]],IF(BnB[[#This Row],[Test]]="d",BnB[[#This Row],[Indirizzodipostaelettronica]],BnB[[#This Row],[Indirizzointernet]])))) -> Non disponibile | J16: =IF(BnB[[#This Row],[Test]]="a",BnB[[#This Row],[Indirizzointernet]],IF(BnB[[#This Row],[Test]]="b",CONCATENATE(BnB[[#This Row],[Indirizzointernet]],"; ",BnB[[#This Row],[Indirizzodipostaelettronica]]),IF(BnB[[#This Row],[Test]]="c",BnB[[#This Row],[Indirizzointernet]],IF(BnB[[#This Row],[Test]]="d",BnB[[#This Row],[Indirizzointernet]],BnB[[#This Row],[Indirizzodipostaelettronica]])))) -> edo11@libero.it
A17: ALBERGHI | B17: ABBAZIACLUBHOTEL | C17: vialeCristoforoColombo107 | D17: MONDOLFO | E17: MONDOLFO | F17: www.clubhotel-marotta.com | H17: info@clubhotel-marotta.com | I17: =IF(BnB[[#This Row],[Test]]="a",BnB[[#This Row],[Indirizzodipostaelettronica]],IF(BnB[[#This Row],[Test]]="b","Non disponibile",IF(BnB[[#This Row],[Test]]="c",BnB[[#This Row],[Indirizzodipostaelettronica]],IF(BnB[[#This Row],[Test]]="d",BnB[[#This Row],[Indirizzodipostaelettronica]],BnB[[#This Row],[Indirizzointernet]])))) -> www.clubhotel-marotta.com | J17: =IF(BnB[[#This Row],[Test]]="a",BnB[[#This Row],[Indirizzointernet]],IF(BnB[[#This Row],[Test]]="b",CONCATENATE(BnB[[#This Row],[Indirizzointernet]],"; ",BnB[[#This Row],[Indirizzodipostaelettronica]]),IF(BnB[[#This Row],[Test]]="c",BnB[[#This Row],[Indirizzointernet]],IF(BnB[[#This Row],[Test]]="d",BnB[[#This Row],[Indirizzointernet]],BnB[[#This Row],[Indirizzodipostaelettronica]])))) -> info@clubhotel-marotta.com
A18: OSTELLIPERLAGIOVENTU' | B18: ABBAZIADISANBIAGIOILCAPRILE | C18: frazioneCampodonico91/b | D18: FABRIANO | E18: FABRIANO | F18: www.sanbiagioincaprile.it | H18: hostellosanbiagio@libero.it | I18: =IF(BnB[[#This Row],[Test]]="a",BnB[[#This Row],[Indirizzodipostaelettronica]],IF(BnB[[#This Row],[Test]]="b","Non disponibile",IF(BnB[[#This Row],[Test]]="c",BnB[[#This Row],[Indirizzodipostaelettronica]],IF(BnB[[#This Row],[Test]]="d",BnB[[#This Row],[Indirizzodipostaelettronica]],BnB[[#This Row],[Indirizzointernet]])))) -> www.sanbiagioincaprile.it | J18: =IF(BnB[[#This Row],[Test]]="a",BnB[[#This Row],[Indirizzointernet]],IF(BnB[[#This Row],[Test]]="b",CONCATENATE(BnB[[#This Row],[Indirizzointernet]],"; ",BnB[[#This Row],[Indirizzodipostaelettronica]]),IF(BnB[[#This Row],[Test]]="c",BnB[[#This Row],[Indirizzointernet]],IF(BnB[[#This Row],[Test]]="d",BnB[[#This Row],[Indirizzointernet]],BnB[[#This Row],[Indirizzodipostaelettronica]])))) -> hostellosanbiagio@libero.it
A19: STABILIMENTIBALNEARI | B19: ABBRONZATISSIMA | C19: viacristoforocolombo11 | D19: FALCONARAMARITTIMA | E19: FALCONARAMARITTIMA | F19: Non disponibile | H19: Non disponibile | I19: =IF(BnB[[#This Row],[Test]]="a",BnB[[#This Row],[Indirizzodipostaelettronica]],IF(BnB[[#This Row],[Test]]="b","Non disponibile",IF(BnB[[#This Row],[Test]]="c",BnB[[#This Row],[Indirizzodipostaelettronica]],IF(BnB[[#This Row],[Test]]="d",BnB[[#This Row],[Indirizzodipostaelettronica]],BnB[[#This Row],[Indirizzointernet]])))) -> Non disponibile | J19: =IF(BnB[[#This Row],[Test]]="a",BnB[[#This Row],[Indirizzointernet]],IF(BnB[[#This Row],[Test]]="b",CONCATENATE(BnB[[#This Row],[Indirizzointernet]],"; ",BnB[[#This Row],[Indirizzodipostaelettronica]]),IF(BnB[[#This Row],[Test]]="c",BnB[[#This Row],[Indirizzointernet]],IF(BnB[[#This Row],[Test]]="d",BnB[[#This Row],[Indirizzointernet]],BnB[[#This Row],[Indirizzodipostaelettronica]])))) -> Non disponibile
A20: ALLOGGIINAFFITTO | B20: ABRAMO | C20: viaannibalcaro80 | D20: PORTORECANATI | E20: PORTORECANATI | F20: www.abramocamere.it | H20: info@abramocamere.it | I20: =IF(BnB[[#This Row],[Test]]="a",BnB[[#This Row],[Indirizzodipostaelettronica]],IF(BnB[[#This Row],[Test]]="b","Non disponibile",IF(BnB[[#This Row],[Test]]="c",BnB[[#This Row],[Indirizzodipostaelettronica]],IF(BnB[[#This Row],[Test]]="d",BnB[[#This Row],[Indirizzodipostaelettronica]],BnB[[#This Row],[Indirizzointernet]])))) -> www.abramocamere.it | J20: =IF(BnB[[#This Row],[Test]]="a",BnB[[#This Row],[Indirizzointernet]],IF(BnB[[#This Row],[Test]]="b",CONCATENATE(BnB[[#This Row],[Indirizzointernet]],"; ",BnB[[#This Row],[Indirizzodipostaelettronica]]),IF(BnB[[#This Row],[Test]]="c",BnB[[#This Row],[Indirizzointernet]],IF(BnB[[#This Row],[Test]]="d",BnB[[#This Row],[Indirizzointernet]],BnB[[#This Row],[Indirizzodipostaelettronica]])))) -> info@abramocamere.it
A21: TURISMORURALE | B21: ACANTOCOUNTRYHOUSE | C21: viaAncarano18 | D21: SIROLO | E21: SIROLO | F21: www.acantocountryhouse.com | H21: info@acantocountryhouse.com | I21: =IF(BnB[[#This Row],[Test]]="a",BnB[[#This Row],[Indirizzodipostaelettronica]],IF(BnB[[#This Row],[Test]]="b","Non disponibile",IF(BnB[[#This Row],[Test]]="c",BnB[[#This Row],[Indirizzodipostaelettronica]],IF(BnB[[#This Row],[Test]]="d",BnB[[#This Row],[Indirizzodipostaelettronica]],BnB[[#This Row],[Indirizzointernet]])))) -> www.acantocountryhouse.com | J21: =IF(BnB[[#This Row],[Test]]="a",BnB[[#This Row],[Indirizzointernet]],IF(BnB[[#This Row],[Test]]="b",CONCATENATE(BnB[[#This Row],[Indirizzointernet]],"; ",BnB[[#This Row],[Indirizzodipostaelettronica]]),IF(BnB[[#This Row],[Test]]="c",BnB[[#This Row],[Indirizzointernet]],IF(BnB[[#This Row],[Test]]="d",BnB[[#This Row],[Indirizzointernet]],BnB[[#This Row],[Indirizzodipostaelettronica]])))) -> info@acantocountryhouse.com
A22: STABILIMENTIBALNEARI | B22: ACAPULCO | D22: PORTORECANATI | E22: PORTORECANATI | F22: Non disponibile | H22: Non disponibile | I22: =IF(BnB[[#This Row],[Test]]="a",BnB[[#This Row],[Indirizzodipostaelettronica]],IF(BnB[[#This Row],[Test]]="b","Non disponibile",IF(BnB[[#This Row],[Test]]="c",BnB[[#This Row],[Indirizzodipostaelettronica]],IF(BnB[[#This Row],[Test]]="d",BnB[[#This Row],[Indirizzodipostaelettronica]],BnB[[#This Row],[Indirizzointernet]])))) -> Non disponibile | J22: =IF(BnB[[#This Row],[Test]]="a",BnB[[#This Row],[Indirizzointernet]],IF(BnB[[#This Row],[Test]]="b",CONCATENATE(BnB[[#This Row],[Indirizzointernet]],"; ",BnB[[#This Row],[Indirizzodipostaelettronica]]),IF(BnB[[#This Row],[Test]]="c",BnB[[#This Row],[Indirizzointernet]],IF(BnB[[#This Row],[Test]]="d",BnB[[#This Row],[Indirizzointernet]],BnB[[#This Row],[Indirizzodipostaelettronica]])))) -> Non disponibile
A23: ALLOGGIAGRITURISTICI | B23: ACASADAANGELO | C23: contradaSanGiacomo26 | D23: GROTTAMMARE | E23: GROTTAMMARE | F23: Non disponibile | H23: agriturismoacasadaangelo@alice.it | I23: =IF(BnB[[#This Row],[Test]]="a",BnB[[#This Row],[Indirizzodipostaelettronica]],IF(BnB[[#This Row],[Test]]="b","Non disponibile",IF(BnB[[#This Row],[Test]]="c",BnB[[#This Row],[Indirizzodipostaelettronica]],IF(BnB[[#This Row],[Test]]="d",BnB[[#This Row],[Indirizzodipostaelettronica]],BnB[[#This Row],[Indirizzointernet]])))) -> Non disponibile | J23: =IF(BnB[[#This Row],[Test]]="a",BnB[[#This Row],[Indirizzointernet]],IF(BnB[[#This Row],[Test]]="b",CONCATENATE(BnB[[#This Row],[Indirizzointernet]],"; ",BnB[[#This Row],[Indirizzodipostaelettronica]]),IF(BnB[[#This Row],[Test]]="c",BnB[[#This Row],[Indirizzointernet]],IF(BnB[[#This Row],[Test]]="d",BnB[[#This Row],[Indirizzointernet]],BnB[[#This Row],[Indirizzodipostaelettronica]])))) -> agriturismoacasadaangelo@alice.it
A24: BED&BREAKFAST | B24: ACASADINONNADICROIAMAURO | C24: VIAABRUZZO7 | D24: LORETO | E24: LORETO | F24: Non disponibile | H24: maurocroia@alice.it | I24: =IF(BnB[[#This Row],[Test]]="a",BnB[[#This Row],[Indirizzodipostaelettronica]],IF(BnB[[#This Row],[Test]]="b","Non disponibile",IF(BnB[[#This Row],[Test]]="c",BnB[[#This Row],[Indirizzodipostaelettronica]],IF(BnB[[#This Row],[Test]]="d",BnB[[#This Row],[Indirizzodipostaelettronica]],BnB[[#This Row],[Indirizzointernet]])))) -> Non disponibile | J24: =IF(BnB[[#This Row],[Test]]="a",BnB[[#This Row],[Indirizzointernet]],IF(BnB[[#This Row],[Test]]="b",CONCATENATE(BnB[[#This Row],[Indirizzointernet]],"; ",BnB[[#This Row],[Indirizzodipostaelettronica]]),IF(BnB[[#This Row],[Test]]="c",BnB[[#This Row],[Indirizzointernet]],IF(BnB[[#This Row],[Test]]="d",BnB[[#This Row],[Indirizzointernet]],BnB[[#This Row],[Indirizzodipostaelettronica]])))) -> maurocroia@alice.it
A25: BED&BREAKFAST | B25: ACASADINONNALINDA | C25: ViaGherardi54 | D25: SENIGALLIA | E25: SENIGALLIA | F25: Non disponibile | H25: info@acasadinonnalinda.it | I25: =IF(BnB[[#This Row],[Test]]="a",BnB[[#This Row],[Indirizzodipostaelettronica]],IF(BnB[[#This Row],[Test]]="b","Non disponibile",IF(BnB[[#This Row],[Test]]="c",BnB[[#This Row],[Indirizzodipostaelettronica]],IF(BnB[[#This Row],[Test]]="d",BnB[[#This Row],[Indirizzodipostaelettronica]],BnB[[#This Row],[Indirizzointernet]])))) -> Non disponibile | J25: =IF(BnB[[#This Row],[Test]]="a",BnB[[#This Row],[Indirizzointernet]],IF(BnB[[#This Row],[Test]]="b",CONCATENATE(BnB[[#This Row],[Indirizzointernet]],"; ",BnB[[#This Row],[Indirizzodipostaelettronica]]),IF(BnB[[#This Row],[Test]]="c",BnB[[#This Row],[Indirizzointernet]],IF(BnB[[#This Row],[Test]]="d",BnB[[#This Row],[Indirizzointernet]],BnB[[#This Row],[Indirizzodipostaelettronica]])))) -> info@acasadinonnalinda.it
A26: BED&BREAKFAST | B26: ACASADIPAOLA | C26: vialeGiovanniXXIII6 | D26: JESI | E26: Non disponibile | F26: www.casapaola.it | H26: info@casapaola.it | I26: =IF(BnB[[#This Row],[Test]]="a",BnB[[#This Row],[Indirizzodipostaelettronica]],IF(BnB[[#This Row],[Test]]="b","Non disponibile",IF(BnB[[#This Row],[Test]]="c",BnB[[#This Row],[Indirizzodipostaelettronica]],IF(BnB[[#This Row],[Test]]="d",BnB[[#This Row],[Indirizzodipostaelettronica]],BnB[[#This Row],[Indirizzointernet]])))) -> www.casapaola.it | J26: =IF(BnB[[#This Row],[Test]]="a",BnB[[#This Row],[Indirizzointernet]],IF(BnB[[#This Row],[Test]]="b",CONCATENATE(BnB[[#This Row],[Indirizzointernet]],"; ",BnB[[#This Row],[Indirizzodipostaelettronica]]),IF(BnB[[#This Row],[Test]]="c",BnB[[#This Row],[Indirizzointernet]],IF(BnB[[#This Row],[Test]]="d",BnB[[#This Row],[Indirizzointernet]],BnB[[#This Row],[Indirizzodipostaelettronica]])))) -> info@casapaola.it
A27: BED&BREAKFAST | B27: ACASADIPETER | C27: VIAO.MARCHETTI24 | D27: CIVITANOVAMARCHE | E27: CIVITANOVAMARCHE | F27: Non disponibile | H27: pietro.forani@virgilio.it | I27: =IF(BnB[[#This Row],[Test]]="a",BnB[[#This Row],[Indirizzodipostaelettronica]],IF(BnB[[#This Row],[Test]]="b","Non disponibile",IF(BnB[[#This Row],[Test]]="c",BnB[[#This Row],[Indirizzodipostaelettronica]],IF(BnB[[#This Row],[Test]]="d",BnB[[#This Row],[Indirizzodipostaelettronica]],BnB[[#This Row],[Indirizzointernet]])))) -> Non disponibile | J27: =IF(BnB[[#This Row],[Test]]="a",BnB[[#This Row],[Indirizzointernet]],IF(BnB[[#This Row],[Test]]="b",CONCATENATE(BnB[[#This Row],[Indirizzointernet]],"; ",BnB[[#This Row],[Indirizzodipostaelettronica]]),IF(BnB[[#This Row],[Test]]="c",BnB[[#This Row],[Indirizzointernet]],IF(BnB[[#This Row],[Test]]="d",BnB[[#This Row],[Indirizzointernet]],BnB[[#This Row],[Indirizzodipostaelettronica]])))) -> pietro.forani@virgilio.it
A28: BED&BREAKFAST | B28: ACASADIROMOLO | C28: viaRamazzani144 | D28: ARCEVIA | E28: ARCEVIA | F28: Non disponibile | H28: acasadiromolo@gmail.com | I28: =IF(BnB[[#This Row],[Test]]="a",BnB[[#This Row],[Indirizzodipostaelettronica]],IF(BnB[[#This Row],[Test]]="b","Non disponibile",IF(BnB[[#This Row],[Test]]="c",BnB[[#This Row],[Indirizzodipostaelettronica]],IF(BnB[[#This Row],[Test]]="d",BnB[[#This Row],[Indirizzodipostaelettronica]],BnB[[#This Row],[Indirizzointernet]])))) -> Non disponibile | J28: =IF(BnB[[#This Row],[Test]]="a",BnB[[#This Row],[Indirizzointernet]],IF(BnB[[#This Row],[Test]]="b",CONCATENATE(BnB[[#This Row],[Indirizzointernet]],"; ",BnB[[#This Row],[Indirizzodipostaelettronica]]),IF(BnB[[#This Row],[Test]]="c",BnB[[#This Row],[Indirizzointernet]],IF(BnB[[#This Row],[Test]]="d",BnB[[#This Row],[Indirizzointernet]],BnB[[#This Row],[Indirizzodipostaelettronica]])))) -> acasadiromolo@gmail.com
A29: ALLOGGIAGRITURISTICI | B29: ACCIPICCHIA | C29: contradacampana146 | D29: ANCONA | E29: collinadiPORTONOVO | F29: www.cantinapolenta.it | H29: info@cantinapolenta.it | I29: =IF(BnB[[#This Row],[Test]]="a",BnB[[#This Row],[Indirizzodipostaelettronica]],IF(BnB[[#This Row],[Test]]="b","Non disponibile",IF(BnB[[#This Row],[Test]]="c",BnB[[#This Row],[Indirizzodipostaelettronica]],IF(BnB[[#This Row],[Test]]="d",BnB[[#This Row],[Indirizzodipostaelettronica]],BnB[[#This Row],[Indirizzointernet]])))) -> www.cantinapolenta.it | J29: =IF(BnB[[#This Row],[Test]]="a",BnB[[#This Row],[Indirizzointernet]],IF(BnB[[#This Row],[Test]]="b",CONCATENATE(BnB[[#This Row],[Indirizzointernet]],"; ",BnB[[#This Row],[Indirizzodipostaelettronica]]),IF(BnB[[#This Row],[Test]]="c",BnB[[#This Row],[Indirizzointernet]],IF(BnB[[#This Row],[Test]]="d",BnB[[#This Row],[Indirizzointernet]],BnB[[#This Row],[Indirizzodipostaelettronica]])))) -> info@cantinapolenta.it
A30: ALLOGGIINAFFITTO | B30: ACCOMODATIONCASACAVOUR | C30: G.MORETTI1 | D30: SANBENEDETTODELTRONTO | E30: Non disponibile | F30: www.casacavoursanbenedetto.it | H30: info@casacavoursanbenedetto.it | I30: =IF(BnB[[#This Row],[Test]]="a",BnB[[#This Row],[Indirizzodipostaelettronica]],IF(BnB[[#This Row],[Test]]="b","Non disponibile",IF(BnB[[#This Row],[Test]]="c",BnB[[#This Row],[Indirizzodipostaelettronica]],IF(BnB[[#This Row],[Test]]="d",BnB[[#This Row],[Indirizzodipostaelettronica]],BnB[[#This Row],[Indirizzointernet]])))) -> www.casacavoursanbenedetto.it | J30: =IF(BnB[[#This Row],[Test]]="a",BnB[[#This Row],[Indirizzointernet]],IF(BnB[[#This Row],[Test]]="b",CONCATENATE(BnB[[#This Row],[Indirizzointernet]],"; ",BnB[[#This Row],[Indirizzodipostaelettronica]]),IF(BnB[[#This Row],[Test]]="c",BnB[[#This Row],[Indirizzointernet]],IF(BnB[[#This Row],[Test]]="d",BnB[[#This Row],[Indirizzointernet]],BnB[[#This Row],[Indirizzodipostaelettronica]])))) -> info@casacavoursanbenedetto.it
A31: ALTRIALLOGGIPRIVATI | B31: ACEROFRANCESCOEFILIPPO | C31: viaMontePolo10 | D31: URBINO | E31: Non disponibile | F31: Non disponibile | H31: m.g.acero@alice.it | I31: =IF(BnB[[#This Row],[Test]]="a",BnB[[#This Row],[Indirizzodipostaelettronica]],IF(BnB[[#This Row],[Test]]="b","Non disponibile",IF(BnB[[#This Row],[Test]]="c",BnB[[#This Row],[Indirizzodipostaelettronica]],IF(BnB[[#This Row],[Test]]="d",BnB[[#This Row],[Indirizzodipostaelettronica]],BnB[[#This Row],[Indirizzointernet]])))) -> Non disponibile | J31: =IF(BnB[[#This Row],[Test]]="a",BnB[[#This Row],[Indirizzointernet]],IF(BnB[[#This Row],[Test]]="b",CONCATENATE(BnB[[#This Row],[Indirizzointernet]],"; ",BnB[[#This Row],[Indirizzodipostaelettronica]]),IF(BnB[[#This Row],[Test]]="c",BnB[[#This Row],[Indirizzointernet]],IF(BnB[[#This Row],[Test]]="d",BnB[[#This Row],[Indirizzointernet]],BnB[[#This Row],[Indirizzodipostaelettronica]])))) -> m.g.acero@alice.it
A32: ALTRIALLOGGIPRIVATI | B32: ACEROMARIAGRAZIA | C32: viaMontePolo8 | D32: URBINO | E32: Non disponibile | F32: Non disponibile | H32: m.g.acero@alice.it | I32: =IF(BnB[[#This Row],[Test]]="a",BnB[[#This Row],[Indirizzodipostaelettronica]],IF(BnB[[#This Row],[Test]]="b","Non disponibile",IF(BnB[[#This Row],[Test]]="c",BnB[[#This Row],[Indirizzodipostaelettronica]],IF(BnB[[#This Row],[Test]]="d",BnB[[#This Row],[Indirizzodipostaelettronica]],BnB[[#This Row],[Indirizzointernet]])))) -> Non disponibile | J32: =IF(BnB[[#This Row],[Test]]="a",BnB[[#This Row],[Indirizzointernet]],IF(BnB[[#This Row],[Test]]="b",CONCATENATE(BnB[[#This Row],[Indirizzointernet]],"; ",BnB[[#This Row],[Indirizzodipostaelettronica]]),IF(BnB[[#This Row],[Test]]="c",BnB[[#This Row],[Indirizzointernet]],IF(BnB[[#This Row],[Test]]="d",BnB[[#This Row],[Indirizzointernet]],BnB[[#This Row],[Indirizzodipostaelettronica]])))) -> m.g.acero@alice.it
A33: ALLOGGIAGRITURISTICI | B33: ACQUABATTIGLIA | C33: viafossato5 | D33: CANTIANO | E33: ACQUABATTAGLIA | F33: www.acquabattaglia.com | H33: picorri@gmail.com | I33: =IF(BnB[[#This Row],[Test]]="a",BnB[[#This Row],[Indirizzodipostaelettronica]],IF(BnB[[#This Row],[Test]]="b","Non disponibile",IF(BnB[[#This Row],[Test]]="c",BnB[[#This Row],[Indirizzodipostaelettronica]],IF(BnB[[#This Row],[Test]]="d",BnB[[#This Row],[Indirizzodipostaelettronica]],BnB[[#This Row],[Indirizzointernet]])))) -> www.acquabattaglia.com | J33: =IF(BnB[[#This Row],[Test]]="a",BnB[[#This Row],[Indirizzointernet]],IF(BnB[[#This Row],[Test]]="b",CONCATENATE(BnB[[#This Row],[Indirizzointernet]],"; ",BnB[[#This Row],[Indirizzodipostaelettronica]]),IF(BnB[[#This Row],[Test]]="c",BnB[[#This Row],[Indirizzointernet]],IF(BnB[[#This Row],[Test]]="d",BnB[[#This Row],[Indirizzointernet]],BnB[[#This Row],[Indirizzodipostaelettronica]])))) -> picorri@gmail.com
A34: ALLOGGIINAFFITTO | B34: ACQUAMARINA | C34: viaC.Maffei68 | D34: SANBENEDETTODELTRONTO | E34: Non disponibile | F34: www.residenceacquamarina.com | H34: info@appartamentiacquamarina.it | I34: =IF(BnB[[#This Row],[Test]]="a",BnB[[#This Row],[Indirizzodipostaelettronica]],IF(BnB[[#This Row],[Test]]="b","Non disponibile",IF(BnB[[#This Row],[Test]]="c",BnB[[#This Row],[Indirizzodipostaelettronica]],IF(BnB[[#This Row],[Test]]="d",BnB[[#This Row],[Indirizzodipostaelettronica]],BnB[[#This Row],[Indirizzointernet]])))) -> www.residenceacquamarina.com | J34: =IF(BnB[[#This Row],[Test]]="a",BnB[[#This Row],[Indirizzointernet]],IF(BnB[[#This Row],[Test]]="b",CONCATENATE(BnB[[#This Row],[Indirizzointernet]],"; ",BnB[[#This Row],[Indirizzodipostaelettronica]]),IF(BnB[[#This Row],[Test]]="c",BnB[[#This Row],[Indirizzointernet]],IF(BnB[[#This Row],[Test]]="d",BnB[[#This Row],[Indirizzointernet]],BnB[[#This Row],[Indirizzodipostaelettronica]])))) -> info@appartamentiacquamarina.it
... A40: TURISMORURALE | B40: ACQUAVIVAdiCECCHIPEPPINO | C40: contradaacquavivasanpaterniano34 | D40: LOROPICENO | E40: LOROPICENO | F40: www.countryhouseacquaviva.it | H40: p.cecchi@tiscali.it | I40: =IF(BnB[[#This Row],[Test]]="a",BnB[[#This Row],[Indirizzodipostaelettronica]],IF(BnB[[#This Row],[Test]]="b","Non disponibile",IF(BnB[[#This Row],[Test]]="c",BnB[[#This Row],[Indirizzodipostaelettronica]],IF(BnB[[#This Row],[Test]]="d",BnB[[#This Row],[Indirizzodipostaelettronica]],BnB[[#This Row],[Indirizzointernet]])))) -> www.countryhouseacquaviva.it | J40: =IF(BnB[[#This Row],[Test]]="a",BnB[[#This Row],[Indirizzointernet]],IF(BnB[[#This Row],[Test]]="b",CONCATENATE(BnB[[#This Row],[Indirizzointernet]],"; ",BnB[[#This Row],[Indirizzodipostaelettronica]]),IF(BnB[[#This Row],[Test]]="c",BnB[[#This Row],[Indirizzointernet]],IF(BnB[[#This Row],[Test]]="d",BnB[[#This Row],[Indirizzointernet]],BnB[[#This Row],[Indirizzodipostaelettronica]])))) -> p.cecchi@tiscali.it
A41: STABILIMENTIBALNEARI | B41: ACROPOLI | D41: PORTORECANATI | E41: PORTORECANATI | F41: mmonina@tiscali.it | G41: c | H41: www.acropoli-mb.it | I41: =IF(BnB[[#This Row],[Test]]="a",BnB[[#This Row],[Indirizzodipostaelettronica]],IF(BnB[[#This Row],[Test]]="b","Non disponibile",IF(BnB[[#This Row],[Test]]="c",BnB[[#This Row],[Indirizzodipostaelettronica]],IF(BnB[[#This Row],[Test]]="d",BnB[[#This Row],[Indirizzodipostaelettronica]],BnB[[#This Row],[Indirizzointernet]])))) -> www.acropoli-mb.it | J41: =IF(BnB[[#This Row],[Test]]="a",BnB[[#This Row],[Indirizzointernet]],IF(BnB[[#This Row],[Test]]="b",CONCATENATE(BnB[[#This Row],[Indirizzointernet]],"; ",BnB[[#This Row],[Indirizzodipostaelettronica]]),IF(BnB[[#This Row],[Test]]="c",BnB[[#This Row],[Indirizzointernet]],IF(BnB[[#This Row],[Test]]="d",BnB[[#This Row],[Indirizzointernet]],BnB[[#This Row],[Indirizzodipostaelettronica]])))) -> mmonina@tiscali.it
A42: ALBERGHI | B42: ACRUX | C42: viaVittorioVeneto146 | D42: GABICCEMARE | E42: GABICCEMARE | F42: www.hotelacrux.com | H42: info@hotelacrux.com | I42: =IF(BnB[[#This Row],[Test]]="a",BnB[[#This Row],[Indirizzodipostaelettronica]],IF(BnB[[#This Row],[Test]]="b","Non disponibile",IF(BnB[[#This Row],[Test]]="c",BnB[[#This Row],[Indirizzodipostaelettronica]],IF(BnB[[#This Row],[Test]]="d",BnB[[#This Row],[Indirizzodipostaelettronica]],BnB[[#This Row],[Indirizzointernet]])))) -> www.hotelacrux.com | J42: =IF(BnB[[#This Row],[Test]]="a",BnB[[#This Row],[Indirizzointernet]],IF(BnB[[#This Row],[Test]]="b",CONCATENATE(BnB[[#This Row],[Indirizzointernet]],"; ",BnB[[#This Row],[Indirizzodipostaelettronica]]),IF(BnB[[#This Row],[Test]]="c",BnB[[#This Row],[Indirizzointernet]],IF(BnB[[#This Row],[Test]]="d",BnB[[#This Row],[Indirizzointernet]],BnB[[#This Row],[Indirizzodipostaelettronica]])))) -> info@hotelacrux.com
A43: RESIDENZETURISTICOALBERGHIERE | B43: ADA | C43: lungomarealcidedegasperi76 | D43: GROTTAMMARE | E43: GROTTAMMARE | F43: www.residenceada.com | H43: info@residenceada.com | I43: =IF(BnB[[#This Row],[Test]]="a",BnB[[#This Row],[Indirizzodipostaelettronica]],IF(BnB[[#This Row],[Test]]="b","Non disponibile",IF(BnB[[#This Row],[Test]]="c",BnB[[#This Row],[Indirizzodipostaelettronica]],IF(BnB[[#This Row],[Test]]="d",BnB[[#This Row],[Indirizzodipostaelettronica]],BnB[[#This Row],[Indirizzointernet]])))) -> www.residenceada.com | J43: =IF(BnB[[#This Row],[Test]]="a",BnB[[#This Row],[Indirizzointernet]],IF(BnB[[#This Row],[Test]]="b",CONCATENATE(BnB[[#This Row],[Indirizzointernet]],"; ",BnB[[#This Row],[Indirizzodipostaelettronica]]),IF(BnB[[#This Row],[Test]]="c",BnB[[#This Row],[Indirizzointernet]],IF(BnB[[#This Row],[Test]]="d",BnB[[#This Row],[Indirizzointernet]],BnB[[#This Row],[Indirizzodipostaelettronica]])))) -> info@residenceada.com
A44: ALLOGGIINAFFITTO | B44: ADAMOEDEVARESORT | C44: viaCostaVerdesnc | D44: NUMANA | E44: Marcelli | F44: www.adamoedevanumana.it | H44: info@adamoedevanumana.it | I44: =IF(BnB[[#This Row],[Test]]="a",BnB[[#This Row],[Indirizzodipostaelettronica]],IF(BnB[[#This Row],[Test]]="b","Non disponibile",IF(BnB[[#This Row],[Test]]="c",BnB[[#This Row],[Indirizzodipostaelettronica]],IF(BnB[[#This Row],[Test]]="d",BnB[[#This Row],[Indirizzodipostaelettronica]],BnB[[#This Row],[Indirizzointernet]])))) -> www.adamoedevanumana.it | J44: =IF(BnB[[#This Row],[Test]]="a",BnB[[#This Row],[Indirizzointernet]],IF(BnB[[#This Row],[Test]]="b",CONCATENATE(BnB[[#This Row],[Indirizzointernet]],"; ",BnB[[#This Row],[Indirizzodipostaelettronica]]),IF(BnB[[#This Row],[Test]]="c",BnB[[#This Row],[Indirizzointernet]],IF(BnB[[#This Row],[Test]]="d",BnB[[#This Row],[Indirizzointernet]],BnB[[#This Row],[Indirizzodipostaelettronica]])))) -> info@adamoedevanumana.it
A45: ALBERGHI | B45: ADLER | C45: vialemare13 | D45: GABICCEMARE | E45: GABICCEMARE | F45: www.adlerhotel.eu | H45: info@adlerhotel.eu | I45: =IF(BnB[[#This Row],[Test]]="a",BnB[[#This Row],[Indirizzodipostaelettronica]],IF(BnB[[#This Row],[Test]]="b","Non disponibile",IF(BnB[[#This Row],[Test]]="c",BnB[[#This Row],[Indirizzodipostaelettronica]],IF(BnB[[#This Row],[Test]]="d",BnB[[#This Row],[Indirizzodipostaelettronica]],BnB[[#This Row],[Indirizzointernet]])))) -> www.adlerhotel.eu | J45: =IF(BnB[[#This Row],[Test]]="a",BnB[[#This Row],[Indirizzointernet]],IF(BnB[[#This Row],[Test]]="b",CONCATENATE(BnB[[#This Row],[Indirizzointernet]],"; ",BnB[[#This Row],[Indirizzodipostaelettronica]]),IF(BnB[[#This Row],[Test]]="c",BnB[[#This Row],[Indirizzointernet]],IF(BnB[[#This Row],[Test]]="d",BnB[[#This Row],[Indirizzointernet]],BnB[[#This Row],[Indirizzodipostaelettronica]])))) -> info@adlerhotel.eu
A46: ALBERGHI | B46: ADRIA | C46: ViaVittorioVeneto25 | D46: GABICCEMARE | E46: GABICCEMARE | F46: www.hoteladriagabicce.it | H46: info@hoteladriagabicce.it | I46: =IF(BnB[[#This Row],[Test]]="a",BnB[[#This Row],[Indirizzodipostaelettronica]],IF(BnB[[#This Row],[Test]]="b","Non disponibile",IF(BnB[[#This Row],[Test]]="c",BnB[[#This Row],[Indirizzodipostaelettronica]],IF(BnB[[#This Row],[Test]]="d",BnB[[#This Row],[Indirizzodipostaelettronica]],BnB[[#This Row],[Indirizzointernet]])))) -> www.hoteladriagabicce.it | J46: =IF(BnB[[#This Row],[Test]]="a",BnB[[#This Row],[Indirizzointernet]],IF(BnB[[#This Row],[Test]]="b",CONCATENATE(BnB[[#This Row],[Indirizzointernet]],"; ",BnB[[#This Row],[Indirizzodipostaelettronica]]),IF(BnB[[#This Row],[Test]]="c",BnB[[#This Row],[Indirizzointernet]],IF(BnB[[#This Row],[Test]]="d",BnB[[#This Row],[Indirizzointernet]],BnB[[#This Row],[Indirizzodipostaelettronica]])))) -> info@hoteladriagabicce.it
A47: ALTRIALLOGGIPRIVATI | B47: ADRIANARTHURTHOMASGARDNER | C47: C.DAREGNANOSNC | D47: TOLENTINO | E47: TOLENTINO | F47: Non disponibile | H47: Non disponibile | I47: =IF(BnB[[#This Row],[Test]]="a",BnB[[#This Row],[Indirizzodipostaelettronica]],IF(BnB[[#This Row],[Test]]="b","Non disponibile",IF(BnB[[#This Row],[Test]]="c",BnB[[#This Row],[Indirizzodipostaelettronica]],IF(BnB[[#This Row],[Test]]="d",BnB[[#This Row],[Indirizzodipostaelettronica]],BnB[[#This Row],[Indirizzointernet]])))) -> Non disponibile | J47: =IF(BnB[[#This Row],[Test]]="a",BnB[[#This Row],[Indirizzointernet]],IF(BnB[[#This Row],[Test]]="b",CONCATENATE(BnB[[#This Row],[Indirizzointernet]],"; ",BnB[[#This Row],[Indirizzodipostaelettronica]]),IF(BnB[[#This Row],[Test]]="c",BnB[[#This Row],[Indirizzointernet]],IF(BnB[[#This Row],[Test]]="d",BnB[[#This Row],[Indirizzointernet]],BnB[[#This Row],[Indirizzodipostaelettronica]])))) -> Non disponibile
A48: ALLOGGIINAFFITTO | B48: ADRIATICA | C48: viadelPorto42 | D48: NUMANA | E48: NUMANA | F48: www.affitticonero.com | H48: immobiliareadriatica@tiscali.it | I48: =IF(BnB[[#This Row],[Test]]="a",BnB[[#This Row],[Indirizzodipostaelettronica]],IF(BnB[[#This Row],[Test]]="b","Non disponibile",IF(BnB[[#This Row],[Test]]="c",BnB[[#This Row],[Indirizzodipostaelettronica]],IF(BnB[[#This Row],[Test]]="d",BnB[[#This Row],[Indirizzodipostaelettronica]],BnB[[#This Row],[Indirizzointernet]])))) -> www.affitticonero.com | J48: =IF(BnB[[#This Row],[Test]]="a",BnB[[#This Row],[Indirizzointernet]],IF(BnB[[#This Row],[Test]]="b",CONCATENATE(BnB[[#This Row],[Indirizzointernet]],"; ",BnB[[#This Row],[Indirizzodipostaelettronica]]),IF(BnB[[#This Row],[Test]]="c",BnB[[#This Row],[Indirizzointernet]],IF(BnB[[#This Row],[Test]]="d",BnB[[#This Row],[Indirizzointernet]],BnB[[#This Row],[Indirizzodipostaelettronica]])))) -> immobiliareadriatica@tiscali.it
A49: CAMPEGGI | B49: ADRIATICO | C49: vialeScarfiotti3 | D49: PORTORECANATI | E49: PORTORECANATI | F49: www.campeggioclubadriatico.it | H49: cca@campeggioclubadriatico.it | I49: =IF(BnB[[#This Row],[Test]]="a",BnB[[#This Row],[Indirizzodipostaelettronica]],IF(BnB[[#This Row],[Test]]="b","Non disponibile",IF(BnB[[#This Row],[Test]]="c",BnB[[#This Row],[Indirizzodipostaelettronica]],IF(BnB[[#This Row],[Test]]="d",BnB[[#This Row],[Indirizzodipostaelettronica]],BnB[[#This Row],[Indirizzointernet]])))) -> www.campeggioclubadriatico.it | J49: =IF(BnB[[#This Row],[Test]]="a",BnB[[#This Row],[Indirizzointernet]],IF(BnB[[#This Row],[Test]]="b",CONCATENATE(BnB[[#This Row],[Indirizzointernet]],"; ",BnB[[#This Row],[Indirizzodipostaelettronica]]),IF(BnB[[#This Row],[Test]]="c",BnB[[#This Row],[Indirizzointernet]],IF(BnB[[#This Row],[Test]]="d",BnB[[#This Row],[Indirizzointernet]],BnB[[#This Row],[Indirizzodipostaelettronica]])))) -> cca@campeggioclubadriatico.it
A50: RESIDENZETURISTICOALBERGHIERE | B50: ADRIATICORESIDENCE | C50: viaEdmondoDeAmicis39 | D50: GABICCEMARE | E50: GABICCEMARE | F50: www.adriaticoresidence.com | H50: info@adriaticoresidence.com | I50: =IF(BnB[[#This Row],[Test]]="a",BnB[[#This Row],[Indirizzodipostaelettronica]],IF(BnB[[#This Row],[Test]]="b","Non disponibile",IF(BnB[[#This Row],[Test]]="c",BnB[[#This Row],[Indirizzodipostaelettronica]],IF(BnB[[#This Row],[Test]]="d",BnB[[#This Row],[Indirizzodipostaelettronica]],BnB[[#This Row],[Indirizzointernet]])))) -> www.adriaticoresidence.com | J50: =IF(BnB[[#This Row],[Test]]="a",BnB[[#This Row],[Indirizzointernet]],IF(BnB[[#This Row],[Test]]="b",CONCATENATE(BnB[[#This Row],[Indirizzointernet]],"; ",BnB[[#This Row],[Indirizzodipostaelettronica]]),IF(BnB[[#This Row],[Test]]="c",BnB[[#This Row],[Indirizzointernet]],IF(BnB[[#This Row],[Test]]="d",BnB[[#This Row],[Indirizzointernet]],BnB[[#This Row],[Indirizzodipostaelettronica]])))) -> info@adriaticoresidence.com
A51: BED&BREAKFAST | B51: ADUEPASSIDALCIELO | C51: VIALEDELLAVITTORIA72 | D51: JESI | E51: JESI | F51: Non disponibile | H51: aduepassidalcielo@tim.it | I51: =IF(BnB[[#This Row],[Test]]="a",BnB[[#This Row],[Indirizzodipostaelettronica]],IF(BnB[[#This Row],[Test]]="b","Non disponibile",IF(BnB[[#This Row],[Test]]="c",BnB[[#This Row],[Indirizzodipostaelettronica]],IF(BnB[[#This Row],[Test]]="d",BnB[[#This Row],[Indirizzodipostaelettronica]],BnB[[#This Row],[Indirizzointernet]])))) -> Non disponibile | J51: =IF(BnB[[#This Row],[Test]]="a",BnB[[#This Row],[Indirizzointernet]],IF(BnB[[#This Row],[Test]]="b",CONCATENATE(BnB[[#This Row],[Indirizzointernet]],"; ",BnB[[#This Row],[Indirizzodipostaelettronica]]),IF(BnB[[#This Row],[Test]]="c",BnB[[#This Row],[Indirizzointernet]],IF(BnB[[#This Row],[Test]]="d",BnB[[#This Row],[Indirizzointernet]],BnB[[#This Row],[Indirizzodipostaelettronica]])))) -> aduepassidalcielo@tim.it
A52: ALLOGGIINAFFITTO | B52: AFFITTACAMEREABELE | C52: viaLeopardi84 | D52: PORTORECANATI | E52: Non disponibile | F52: Non disponibile | H52: info@abelecamere.it | I52: =IF(BnB[[#This Row],[Test]]="a",BnB[[#This Row],[Indirizzodipostaelettronica]],IF(BnB[[#This Row],[Test]]="b","Non disponibile",IF(BnB[[#This Row],[Test]]="c",BnB[[#This Row],[Indirizzodipostaelettronica]],IF(BnB[[#This Row],[Test]]="d",BnB[[#This Row],[Indirizzodipostaelettronica]],BnB[[#This Row],[Indirizzointernet]])))) -> Non disponibile | J52: =IF(BnB[[#This Row],[Test]]="a",BnB[[#This Row],[Indirizzointernet]],IF(BnB[[#This Row],[Test]]="b",CONCATENATE(BnB[[#This Row],[Indirizzointernet]],"; ",BnB[[#This Row],[Indirizzodipostaelettronica]]),IF(BnB[[#This Row],[Test]]="c",BnB[[#This Row],[Indirizzointernet]],IF(BnB[[#This Row],[Test]]="d",BnB[[#This Row],[Indirizzointernet]],BnB[[#This Row],[Indirizzodipostaelettronica]])))) -> info@abelecamere.it
A53: ALLOGGIINAFFITTO | B53: AFFITTACAMEREACQUARELLO | C53: contradaAcquarello11 | D53: LAPEDONA | E53: LAPEDONA | F53: www.agriturismoacquarello.it | H53: info@agriturismoacquarello.it | I53: =IF(BnB[[#This Row],[Test]]="a",BnB[[#This Row],[Indirizzodipostaelettronica]],IF(BnB[[#This Row],[Test]]="b","Non disponibile",IF(BnB[[#This Row],[Test]]="c",BnB[[#This Row],[Indirizzodipostaelettronica]],IF(BnB[[#This Row],[Test]]="d",BnB[[#This Row],[Indirizzodipostaelettronica]],BnB[[#This Row],[Indirizzointernet]])))) -> www.agriturismoacquarello.it | J53: =IF(BnB[[#This Row],[Test]]="a",BnB[[#This Row],[Indirizzointernet]],IF(BnB[[#This Row],[Test]]="b",CONCATENATE(BnB[[#This Row],[Indirizzointernet]],"; ",BnB[[#This Row],[Indirizzodipostaelettronica]]),IF(BnB[[#This Row],[Test]]="c",BnB[[#This Row],[Indirizzointernet]],IF(BnB[[#This Row],[Test]]="d",BnB[[#This Row],[Indirizzointernet]],BnB[[#This Row],[Indirizzodipostaelettronica]])))) -> info@agriturismoacquarello.it
... A76: ALLOGGIINAFFITTO | B76: AFFITTACAMERELAPIAZZETTA2 | C76: Piazzaledelletremiti5 | D76: NUMANA | E76: NUMANA | F76: Non disponibile | H76: info@camerenumana.it | I76: =IF(BnB[[#This Row],[Test]]="a",BnB[[#This Row],[Indirizzodipostaelettronica]],IF(BnB[[#This Row],[Test]]="b","Non disponibile",IF(BnB[[#This Row],[Test]]="c",BnB[[#This Row],[Indirizzodipostaelettronica]],IF(BnB[[#This Row],[Test]]="d",BnB[[#This Row],[Indirizzodipostaelettronica]],BnB[[#This Row],[Indirizzointernet]])))) -> Non disponibile | J76: =IF(BnB[[#This Row],[Test]]="a",BnB[[#This Row],[Indirizzointernet]],IF(BnB[[#This Row],[Test]]="b",CONCATENATE(BnB[[#This Row],[Indirizzointernet]],"; ",BnB[[#This Row],[Indirizzodipostaelettronica]]),IF(BnB[[#This Row],[Test]]="c",BnB[[#This Row],[Indirizzointernet]],IF(BnB[[#This Row],[Test]]="d",BnB[[#This Row],[Indirizzointernet]],BnB[[#This Row],[Indirizzodipostaelettronica]])))) -> info@camerenumana.it
A77: ALLOGGIINAFFITTO | B77: AFFITTACAMERELAPIEVE | D77: ESANATOGLIA | E77: Esanatoglia | F77: Non disponibile | H77: info@ristorantegrillcross.it | I77: =IF(BnB[[#This Row],[Test]]="a",BnB[[#This Row],[Indirizzodipostaelettronica]],IF(BnB[[#This Row],[Test]]="b","Non disponibile",IF(BnB[[#This Row],[Test]]="c",BnB[[#This Row],[Indirizzodipostaelettronica]],IF(BnB[[#This Row],[Test]]="d",BnB[[#This Row],[Indirizzodipostaelettronica]],BnB[[#This Row],[Indirizzointernet]])))) -> Non disponibile | J77: =IF(BnB[[#This Row],[Test]]="a",BnB[[#This Row],[Indirizzointernet]],IF(BnB[[#This Row],[Test]]="b",CONCATENATE(BnB[[#This Row],[Indirizzointernet]],"; ",BnB[[#This Row],[Indirizzodipostaelettronica]]),IF(BnB[[#This Row],[Test]]="c",BnB[[#This Row],[Indirizzointernet]],IF(BnB[[#This Row],[Test]]="d",BnB[[#This Row],[Indirizzointernet]],BnB[[#This Row],[Indirizzodipostaelettronica]])))) -> info@ristorantegrillcross.it
A78: ALLOGGIINAFFITTO | B78: AFFITTACAMERELASTANZADIFRANCESCA | C78: ViaA.Tiraboschi5/A | D78: ANCONA | E78: ANCONA | F78: Non disponibile | H78: depalmacasa@gmail.com | I78: =IF(BnB[[#This Row],[Test]]="a",BnB[[#This Row],[Indirizzodipostaelettronica]],IF(BnB[[#This Row],[Test]]="b","Non disponibile",IF(BnB[[#This Row],[Test]]="c",BnB[[#This Row],[Indirizzodipostaelettronica]],IF(BnB[[#This Row],[Test]]="d",BnB[[#This Row],[Indirizzodipostaelettronica]],BnB[[#This Row],[Indirizzointernet]])))) -> Non disponibile | J78: =IF(BnB[[#This Row],[Test]]="a",BnB[[#This Row],[Indirizzointernet]],IF(BnB[[#This Row],[Test]]="b",CONCATENATE(BnB[[#This Row],[Indirizzointernet]],"; ",BnB[[#This Row],[Indirizzodipostaelettronica]]),IF(BnB[[#This Row],[Test]]="c",BnB[[#This Row],[Indirizzointernet]],IF(BnB[[#This Row],[Test]]="d",BnB[[#This Row],[Indirizzointernet]],BnB[[#This Row],[Indirizzodipostaelettronica]])))) -> depalmacasa@gmail.com
A79: ALLOGGIINAFFITTO | B79: AFFITTACAMERELATINILUCIA | C79: localita'civita43 | D79: FABRIANO | E79: FABRIANO | F79: www.villagioiacivita.it | H79: info@villagioiacivita.it | I79: =IF(BnB[[#This Row],[Test]]="a",BnB[[#This Row],[Indirizzodipostaelettronica]],IF(BnB[[#This Row],[Test]]="b","Non disponibile",IF(BnB[[#This Row],[Test]]="c",BnB[[#This Row],[Indirizzodipostaelettronica]],IF(BnB[[#This Row],[Test]]="d",BnB[[#This Row],[Indirizzodipostaelettronica]],BnB[[#This Row],[Indirizzointernet]])))) -> www.villagioiacivita.it | J79: =IF(BnB[[#This Row],[Test]]="a",BnB[[#This Row],[Indirizzointernet]],IF(BnB[[#This Row],[Test]]="b",CONCATENATE(BnB[[#This Row],[Indirizzointernet]],"; ",BnB[[#This Row],[Indirizzodipostaelettronica]]),IF(BnB[[#This Row],[Test]]="c",BnB[[#This Row],[Indirizzointernet]],IF(BnB[[#This Row],[Test]]="d",BnB[[#This Row],[Indirizzointernet]],BnB[[#This Row],[Indirizzodipostaelettronica]])))) -> info@villagioiacivita.it
A80: ALLOGGIINAFFITTO | B80: AFFITTACAMERELEMAGNOLIE | C80: ViaUssita12 | D80: MONTEMARCIANO | E80: MONTEMARCIANO | F80: Non disponibile | H80: supercristian79@gmail.com | I80: =IF(BnB[[#This Row],[Test]]="a",BnB[[#This Row],[Indirizzodipostaelettronica]],IF(BnB[[#This Row],[Test]]="b","Non disponibile",IF(BnB[[#This Row],[Test]]="c",BnB[[#This Row],[Indirizzodipostaelettronica]],IF(BnB[[#This Row],[Test]]="d",BnB[[#This Row],[Indirizzodipostaelettronica]],BnB[[#This Row],[Indirizzointernet]])))) -> Non disponibile | J80: =IF(BnB[[#This Row],[Test]]="a",BnB[[#This Row],[Indirizzointernet]],IF(BnB[[#This Row],[Test]]="b",CONCATENATE(BnB[[#This Row],[Indirizzointernet]],"; ",BnB[[#This Row],[Indirizzodipostaelettronica]]),IF(BnB[[#This Row],[Test]]="c",BnB[[#This Row],[Indirizzointernet]],IF(BnB[[#This Row],[Test]]="d",BnB[[#This Row],[Indirizzointernet]],BnB[[#This Row],[Indirizzodipostaelettronica]])))) -> supercristian79@gmail.com
A81: ALLOGGIINAFFITTO | B81: AFFITTACAMERELEOPARDI59 | C81: G.Leopardi59 | D81: CAMERINO | E81: Non disponibile | F81: Non disponibile | H81: amministrazone@6tour.com | I81: =IF(BnB[[#This Row],[Test]]="a",BnB[[#This Row],[Indirizzodipostaelettronica]],IF(BnB[[#This Row],[Test]]="b","Non disponibile",IF(BnB[[#This Row],[Test]]="c",BnB[[#This Row],[Indirizzodipostaelettronica]],IF(BnB[[#This Row],[Test]]="d",BnB[[#This Row],[Indirizzodipostaelettronica]],BnB[[#This Row],[Indirizzointernet]])))) -> Non disponibile | J81: =IF(BnB[[#This Row],[Test]]="a",BnB[[#This Row],[Indirizzointernet]],IF(BnB[[#This Row],[Test]]="b",CONCATENATE(BnB[[#This Row],[Indirizzointernet]],"; ",BnB[[#This Row],[Indirizzodipostaelettronica]]),IF(BnB[[#This Row],[Test]]="c",BnB[[#This Row],[Indirizzointernet]],IF(BnB[[#This Row],[Test]]="d",BnB[[#This Row],[Indirizzointernet]],BnB[[#This Row],[Indirizzodipostaelettronica]])))) -> amministrazone@6tour.com
A82: ALLOGGIINAFFITTO | B82: AFFITTACAMERELETRESORELLE | C82: viaGrilli4 | D82: SIROLO | E82: Non disponibile | F82: Non disponibile | H82: info@affittacamereletresorelle.it | I82: =IF(BnB[[#This Row],[Test]]="a",BnB[[#This Row],[Indirizzodipostaelettronica]],IF(BnB[[#This Row],[Test]]="b","Non disponibile",IF(BnB[[#This Row],[Test]]="c",BnB[[#This Row],[Indirizzodipostaelettronica]],IF(BnB[[#This Row],[Test]]="d",BnB[[#This Row],[Indirizzodipostaelettronica]],BnB[[#This Row],[Indirizzointernet]])))) -> Non disponibile | J82: =IF(BnB[[#This Row],[Test]]="a",BnB[[#This Row],[Indirizzointernet]],IF(BnB[[#This Row],[Test]]="b",CONCATENATE(BnB[[#This Row],[Indirizzointernet]],"; ",BnB[[#This Row],[Indirizzodipostaelettronica]]),IF(BnB[[#This Row],[Test]]="c",BnB[[#This Row],[Indirizzointernet]],IF(BnB[[#This Row],[Test]]="d",BnB[[#This Row],[Indirizzointernet]],BnB[[#This Row],[Indirizzodipostaelettronica]])))) -> info@affittacamereletresorelle.it
A83: ALLOGGIINAFFITTO | B83: AFFITTACAMERELUCONI | C83: VIAPANTIERE1 | D83: JESI | E83: JESI | F83: Non disponibile | H83: info@affittacamereluconi.it | I83: =IF(BnB[[#This Row],[Test]]="a",BnB[[#This Row],[Indirizzodipostaelettronica]],IF(BnB[[#This Row],[Test]]="b","Non disponibile",IF(BnB[[#This Row],[Test]]="c",BnB[[#This Row],[Indirizzodipostaelettronica]],IF(BnB[[#This Row],[Test]]="d",BnB[[#This Row],[Indirizzodipostaelettronica]],BnB[[#This Row],[Indirizzointernet]])))) -> Non disponibile | J83: =IF(BnB[[#This Row],[Test]]="a",BnB[[#This Row],[Indirizzointernet]],IF(BnB[[#This Row],[Test]]="b",CONCATENATE(BnB[[#This Row],[Indirizzointernet]],"; ",BnB[[#This Row],[Indirizzodipostaelettronica]]),IF(BnB[[#This Row],[Test]]="c",BnB[[#This Row],[Indirizzointernet]],IF(BnB[[#This Row],[Test]]="d",BnB[[#This Row],[Indirizzointernet]],BnB[[#This Row],[Indirizzodipostaelettronica]])))) -> info@affittacamereluconi.it
A84: ALLOGGIINAFFITTO | B84: AFFITTACAMEREMARZIALIGIANLUCA | C84: contradaMarulla2 | D84: MONTEFALCONEAPPENNINO | E84: Non disponibile | F84: Non disponibile | H84: gianluca.marziali@coldiretti.it | I84: =IF(BnB[[#This Row],[Test]]="a",BnB[[#This Row],[Indirizzodipostaelettronica]],IF(BnB[[#This Row],[Test]]="b","Non disponibile",IF(BnB[[#This Row],[Test]]="c",BnB[[#This Row],[Indirizzodipostaelettronica]],IF(BnB[[#This Row],[Test]]="d",BnB[[#This Row],[Indirizzodipostaelettronica]],BnB[[#This Row],[Indirizzointernet]])))) -> Non disponibile | J84: =IF(BnB[[#This Row],[Test]]="a",BnB[[#This Row],[Indirizzointernet]],IF(BnB[[#This Row],[Test]]="b",CONCATENATE(BnB[[#This Row],[Indirizzointernet]],"; ",BnB[[#This Row],[Indirizzodipostaelettronica]]),IF(BnB[[#This Row],[Test]]="c",BnB[[#This Row],[Indirizzointernet]],IF(BnB[[#This Row],[Test]]="d",BnB[[#This Row],[Indirizzointernet]],BnB[[#This Row],[Indirizzodipostaelettronica]])))) -> gianluca.marziali@coldiretti.it
A85: ALLOGGIINAFFITTO | B85: AFFITTACAMEREMORELLI | C85: viaFlaminia5 | D85: NUMANA | E85: NUMANA | F85: Www.morellicamerenumana.it | H85: Info@morellicamerenumana.it | I85: =IF(BnB[[#This Row],[Test]]="a",BnB[[#This Row],[Indirizzodipostaelettronica]],IF(BnB[[#This Row],[Test]]="b","Non disponibile",IF(BnB[[#This Row],[Test]]="c",BnB[[#This Row],[Indirizzodipostaelettronica]],IF(BnB[[#This Row],[Test]]="d",BnB[[#This Row],[Indirizzodipostaelettronica]],BnB[[#This Row],[Indirizzointernet]])))) -> Www.morellicamerenumana.it | J85: =IF(BnB[[#This Row],[Test]]="a",BnB[[#This Row],[Indirizzointernet]],IF(BnB[[#This Row],[Test]]="b",CONCATENATE(BnB[[#This Row],[Indirizzointernet]],"; ",BnB[[#This Row],[Indirizzodipostaelettronica]]),IF(BnB[[#This Row],[Test]]="c",BnB[[#This Row],[Indirizzointernet]],IF(BnB[[#This Row],[Test]]="d",BnB[[#This Row],[Indirizzointernet]],BnB[[#This Row],[Indirizzodipostaelettronica]])))) -> Info@morellicamerenumana.it
A86: ALLOGGIINAFFITTO | B86: AFFITTACAMEREOASI_FANO | C86: viabelsito17 | D86: FANO | E86: FANO | F86: Non disponibile | H86: hotel.oasi@gostec.net | I86: =IF(BnB[[#This Row],[Test]]="a",BnB[[#This Row],[Indirizzodipostaelettronica]],IF(BnB[[#This Row],[Test]]="b","Non disponibile",IF(BnB[[#This Row],[Test]]="c",BnB[[#This Row],[Indirizzodipostaelettronica]],IF(BnB[[#This Row],[Test]]="d",BnB[[#This Row],[Indirizzodipostaelettronica]],BnB[[#This Row],[Indirizzointernet]])))) -> Non disponibile | J86: =IF(BnB[[#This Row],[Test]]="a",BnB[[#This Row],[Indirizzointernet]],IF(BnB[[#This Row],[Test]]="b",CONCATENATE(BnB[[#This Row],[Indirizzointernet]],"; ",BnB[[#This Row],[Indirizzodipostaelettronica]]),IF(BnB[[#This Row],[Test]]="c",BnB[[#This Row],[Indirizzointernet]],IF(BnB[[#This Row],[Test]]="d",BnB[[#This Row],[Indirizzointernet]],BnB[[#This Row],[Indirizzodipostaelettronica]])))) -> hotel.oasi@gostec.net
A87: ALLOGGIINAFFITTO | B87: AFFITTACAMEREOASI_TORRETTE | C87: viabelsito19 | D87: FANO | E87: TORRETTE | F87: Non disponibile | H87: hotel.oasi@gostec.net | I87: =IF(BnB[[#This Row],[Test]]="a",BnB[[#This Row],[Indirizzodipostaelettronica]],IF(BnB[[#This Row],[Test]]="b","Non disponibile",IF(BnB[[#This Row],[Test]]="c",BnB[[#This Row],[Indirizzodipostaelettronica]],IF(BnB[[#This Row],[Test]]="d",BnB[[#This Row],[Indirizzodipostaelettronica]],BnB[[#This Row],[Indirizzointernet]])))) -> Non disponibile | J87: =IF(BnB[[#This Row],[Test]]="a",BnB[[#This Row],[Indirizzointernet]],IF(BnB[[#This Row],[Test]]="b",CONCATENATE(BnB[[#This Row],[Indirizzointernet]],"; ",BnB[[#This Row],[Indirizzodipostaelettronica]]),IF(BnB[[#This Row],[Test]]="c",BnB[[#This Row],[Indirizzointernet]],IF(BnB[[#This Row],[Test]]="d",BnB[[#This Row],[Indirizzointernet]],BnB[[#This Row],[Indirizzodipostaelettronica]])))) -> hotel.oasi@gostec.net
A88: ALLOGGIINAFFITTO | B88: AFFITTACAMEREPAVONI | C88: viaancona66 | D88: OSIMO | E88: OSIMO | F88: Non disponibile | H88: marcopav@email.com | I88: =IF(BnB[[#This Row],[Test]]="a",BnB[[#This Row],[Indirizzodipostaelettronica]],IF(BnB[[#This Row],[Test]]="b","Non disponibile",IF(BnB[[#This Row],[Test]]="c",BnB[[#This Row],[Indirizzodipostaelettronica]],IF(BnB[[#This Row],[Test]]="d",BnB[[#This Row],[Indirizzodipostaelettronica]],BnB[[#This Row],[Indirizzointernet]])))) -> Non disponibile | J88: =IF(BnB[[#This Row],[Test]]="a",BnB[[#This Row],[Indirizzointernet]],IF(BnB[[#This Row],[Test]]="b",CONCATENATE(BnB[[#This Row],[Indirizzointernet]],"; ",BnB[[#This Row],[Indirizzodipostaelettronica]]),IF(BnB[[#This Row],[Test]]="c",BnB[[#This Row],[Indirizzointernet]],IF(BnB[[#This Row],[Test]]="d",BnB[[#This Row],[Indirizzointernet]],BnB[[#This Row],[Indirizzodipostaelettronica]])))) -> marcopav@email.com
A89: ALLOGGIINAFFITTO | B89: AFFITTACAMEREPEPITOINCITTA' | C89: ViaG.Mazzini2 | D89: JESI | E89: JESI | F89: Non disponibile | H89: willyvigna@gmail.com | I89: =IF(BnB[[#This Row],[Test]]="a",BnB[[#This Row],[Indirizzodipostaelettronica]],IF(BnB[[#This Row],[Test]]="b","Non disponibile",IF(BnB[[#This Row],[Test]]="c",BnB[[#This Row],[Indirizzodipostaelettronica]],IF(BnB[[#This Row],[Test]]="d",BnB[[#This Row],[Indirizzodipostaelettronica]],BnB[[#This Row],[Indirizzointernet]])))) -> Non disponibile | J89: =IF(BnB[[#This Row],[Test]]="a",BnB[[#This Row],[Indirizzointernet]],IF(BnB[[#This Row],[Test]]="b",CONCATENATE(BnB[[#This Row],[Indirizzointernet]],"; ",BnB[[#This Row],[Indirizzodipostaelettronica]]),IF(BnB[[#This Row],[Test]]="c",BnB[[#This Row],[Indirizzointernet]],IF(BnB[[#This Row],[Test]]="d",BnB[[#This Row],[Indirizzointernet]],BnB[[#This Row],[Indirizzodipostaelettronica]])))) -> willyvigna@gmail.com
A90: ALLOGGIINAFFITTO | B90: AFFITTACAMEREPEPPINE' | D90: MONTEFORTINO | E90: Non disponibile | F90: Non disponibile | H90: virgilio.siquilini@gmail.com | I90: =IF(BnB[[#This Row],[Test]]="a",BnB[[#This Row],[Indirizzodipostaelettronica]],IF(BnB[[#This Row],[Test]]="b","Non disponibile",IF(BnB[[#This Row],[Test]]="c",BnB[[#This Row],[Indirizzodipostaelettronica]],IF(BnB[[#This Row],[Test]]="d",BnB[[#This Row],[Indirizzodipostaelettronica]],BnB[[#This Row],[Indirizzointernet]])))) -> Non disponibile | J90: =IF(BnB[[#This Row],[Test]]="a",BnB[[#This Row],[Indirizzointernet]],IF(BnB[[#This Row],[Test]]="b",CONCATENATE(BnB[[#This Row],[Indirizzointernet]],"; ",BnB[[#This Row],[Indirizzodipostaelettronica]]),IF(BnB[[#This Row],[Test]]="c",BnB[[#This Row],[Indirizzointernet]],IF(BnB[[#This Row],[Test]]="d",BnB[[#This Row],[Indirizzointernet]],BnB[[#This Row],[Indirizzodipostaelettronica]])))) -> virgilio.siquilini@gmail.com
A91: ALLOGGIINAFFITTO | B91: AFFITTACAMEREPETTINELLI | C91: ViaMerolli10 | D91: SASSOFERRATO | E91: SASSOFERRATO | F91: Non disponibile | H91: Non disponibile | I91: =IF(BnB[[#This Row],[Test]]="a",BnB[[#This Row],[Indirizzodipostaelettronica]],IF(BnB[[#This Row],[Test]]="b","Non disponibile",IF(BnB[[#This Row],[Test]]="c",BnB[[#This Row],[Indirizzodipostaelettronica]],IF(BnB[[#This Row],[Test]]="d",BnB[[#This Row],[Indirizzodipostaelettronica]],BnB[[#This Row],[Indirizzointernet]])))) -> Non disponibile | J91: =IF(BnB[[#This Row],[Test]]="a",BnB[[#This Row],[Indirizzointernet]],IF(BnB[[#This Row],[Test]]="b",CONCATENATE(BnB[[#This Row],[Indirizzointernet]],"; ",BnB[[#This Row],[Indirizzodipostaelettronica]]),IF(BnB[[#This Row],[Test]]="c",BnB[[#This Row],[Indirizzointernet]],IF(BnB[[#This Row],[Test]]="d",BnB[[#This Row],[Indirizzointernet]],BnB[[#This Row],[Indirizzodipostaelettronica]])))) -> Non disponibile
A92: ALLOGGIINAFFITTO | B92: AFFITTACAMERERESIDENCELEPALME | C92: ViaAmalfiSNC | D92: NUMANA | E92: NUMANA | F92: Non disponibile | H92: info@residencelepalme.com | I92: =IF(BnB[[#This Row],[Test]]="a",BnB[[#This Row],[Indirizzodipostaelettronica]],IF(BnB[[#This Row],[Test]]="b","Non disponibile",IF(BnB[[#This Row],[Test]]="c",BnB[[#This Row],[Indirizzodipostaelettronica]],IF(BnB[[#This Row],[Test]]="d",BnB[[#This Row],[Indirizzodipostaelettronica]],BnB[[#This Row],[Indirizzointernet]])))) -> Non disponibile | J92: =IF(BnB[[#This Row],[Test]]="a",BnB[[#This Row],[Indirizzointernet]],IF(BnB[[#This Row],[Test]]="b",CONCATENATE(BnB[[#This Row],[Indirizzointernet]],"; ",BnB[[#This Row],[Indirizzodipostaelettronica]]),IF(BnB[[#This Row],[Test]]="c",BnB[[#This Row],[Indirizzointernet]],IF(BnB[[#This Row],[Test]]="d",BnB[[#This Row],[Indirizzointernet]],BnB[[#This Row],[Indirizzodipostaelettronica]])))) -> info@residencelepalme.com
A93: ALLOGGIINAFFITTO | B93: AFFITTACAMERESANGIORGIO | C93: viaXXSettembre196 | D93: PORTOSANGIORGIO | E93: PORTOSANGIORGIO | F93: Non disponibile | H93: pensione.san.giorgio@hotmail.it | I93: =IF(BnB[[#This Row],[Test]]="a",BnB[[#This Row],[Indirizzodipostaelettronica]],IF(BnB[[#This Row],[Test]]="b","Non disponibile",IF(BnB[[#This Row],[Test]]="c",BnB[[#This Row],[Indirizzodipostaelettronica]],IF(BnB[[#This Row],[Test]]="d",BnB[[#This Row],[Indirizzodipostaelettronica]],BnB[[#This Row],[Indirizzointernet]])))) -> Non disponibile | J93: =IF(BnB[[#This Row],[Test]]="a",BnB[[#This Row],[Indirizzointernet]],IF(BnB[[#This Row],[Test]]="b",CONCATENATE(BnB[[#This Row],[Indirizzointernet]],"; ",BnB[[#This Row],[Indirizzodipostaelettronica]]),IF(BnB[[#This Row],[Test]]="c",BnB[[#This Row],[Indirizzointernet]],IF(BnB[[#This Row],[Test]]="d",BnB[[#This Row],[Indirizzointernet]],BnB[[#This Row],[Indirizzodipostaelettronica]])))) -> pensione.san.giorgio@hotmail.it
A94: ALLOGGIINAFFITTO | B94: AFFITTACAMERESERINICARMELA | C94: viaM.Armanno,viaC.Augusto10,9 | D94: PIORACO | E94: Non disponibile | F94: Non disponibile | H94: c.ilari@macerata.confartigianato.it | I94: =IF(BnB[[#This Row],[Test]]="a",BnB[[#This Row],[Indirizzodipostaelettronica]],IF(BnB[[#This Row],[Test]]="b","Non disponibile",IF(BnB[[#This Row],[Test]]="c",BnB[[#This Row],[Indirizzodipostaelettronica]],IF(BnB[[#This Row],[Test]]="d",BnB[[#This Row],[Indirizzodipostaelettronica]],BnB[[#This Row],[Indirizzointernet]])))) -> Non disponibile | J94: =IF(BnB[[#This Row],[Test]]="a",BnB[[#This Row],[Indirizzointernet]],IF(BnB[[#This Row],[Test]]="b",CONCATENATE(BnB[[#This Row],[Indirizzointernet]],"; ",BnB[[#This Row],[Indirizzodipostaelettronica]]),IF(BnB[[#This Row],[Test]]="c",BnB[[#This Row],[Indirizzointernet]],IF(BnB[[#This Row],[Test]]="d",BnB[[#This Row],[Indirizzointernet]],BnB[[#This Row],[Indirizzodipostaelettronica]])))) -> c.ilari@macerata.confartigianato.it
A95: ALLOGGIINAFFITTO | B95: AFFITTACAMERESIMONETTI | C95: piazzafrancescobasili4 | D95: LORETO | E95: LORETO | F95: www.dormialoreto.it | H95: contact@affittacameresimonetti.it | I95: =IF(BnB[[#This Row],[Test]]="a",BnB[[#This Row],[Indirizzodipostaelettronica]],IF(BnB[[#This Row],[Test]]="b","Non disponibile",IF(BnB[[#This Row],[Test]]="c",BnB[[#This Row],[Indirizzodipostaelettronica]],IF(BnB[[#This Row],[Test]]="d",BnB[[#This Row],[Indirizzodipostaelettronica]],BnB[[#This Row],[Indirizzointernet]])))) -> www.dormialoreto.it | J95: =IF(BnB[[#This Row],[Test]]="a",BnB[[#This Row],[Indirizzointernet]],IF(BnB[[#This Row],[Test]]="b",CONCATENATE(BnB[[#This Row],[Indirizzointernet]],"; ",BnB[[#This Row],[Indirizzodipostaelettronica]]),IF(BnB[[#This Row],[Test]]="c",BnB[[#This Row],[Indirizzointernet]],IF(BnB[[#This Row],[Test]]="d",BnB[[#This Row],[Indirizzointernet]],BnB[[#This Row],[Indirizzodipostaelettronica]])))) -> contact@affittacameresimonetti.it
A96: ALLOGGIINAFFITTO | B96: AFFITTACAMERESIROLO | C96: ViaGalilei6 | D96: ANCONA | E96: ANCONA | F96: Non disponibile | H96: affittacamere.sirolo@gmail.com | I96: =IF(BnB[[#This Row],[Test]]="a",BnB[[#This Row],[Indirizzodipostaelettronica]],IF(BnB[[#This Row],[Test]]="b","Non disponibile",IF(BnB[[#This Row],[Test]]="c",BnB[[#This Row],[Indirizzodipostaelettronica]],IF(BnB[[#This Row],[Test]]="d",BnB[[#This Row],[Indirizzodipostaelettronica]],BnB[[#This Row],[Indirizzointernet]])))) -> Non disponibile | J96: =IF(BnB[[#This Row],[Test]]="a",BnB[[#This Row],[Indirizzointernet]],IF(BnB[[#This Row],[Test]]="b",CONCATENATE(BnB[[#This Row],[Indirizzointernet]],"; ",BnB[[#This Row],[Indirizzodipostaelettronica]]),IF(BnB[[#This Row],[Test]]="c",BnB[[#This Row],[Indirizzointernet]],IF(BnB[[#This Row],[Test]]="d",BnB[[#This Row],[Indirizzointernet]],BnB[[#This Row],[Indirizzodipostaelettronica]])))) -> affittacamere.sirolo@gmail.com
A97: ALLOGGIINAFFITTO | B97: AFFITTACAMERETIEPOLO4 | C97: TIEPOLO4 | D97: CAMERINO | E97: CAMERINO | F97: Non disponibile | H97: amministrazione@6tour.com | I97: =IF(BnB[[#This Row],[Test]]="a",BnB[[#This Row],[Indirizzodipostaelettronica]],IF(BnB[[#This Row],[Test]]="b","Non disponibile",IF(BnB[[#This Row],[Test]]="c",BnB[[#This Row],[Indirizzodipostaelettronica]],IF(BnB[[#This Row],[Test]]="d",BnB[[#This Row],[Indirizzodipostaelettronica]],BnB[[#This Row],[Indirizzointernet]])))) -> Non disponibile | J97: =IF(BnB[[#This Row],[Test]]="a",BnB[[#This Row],[Indirizzointernet]],IF(BnB[[#This Row],[Test]]="b",CONCATENATE(BnB[[#This Row],[Indirizzointernet]],"; ",BnB[[#This Row],[Indirizzodipostaelettronica]]),IF(BnB[[#This Row],[Test]]="c",BnB[[#This Row],[Indirizzointernet]],IF(BnB[[#This Row],[Test]]="d",BnB[[#This Row],[Indirizzointernet]],BnB[[#This Row],[Indirizzodipostaelettronica]])))) -> amministrazione@6tour.com
A98: ALLOGGIINAFFITTO | B98: AFFITTACAMERETORRESI | C98: viaGalilei6 | D98: ANCONA | E98: Non disponibile | F98: Non disponibile | H98: affittacamere.torresi@gmail.com | I98: =IF(BnB[[#This Row],[Test]]="a",BnB[[#This Row],[Indirizzodipostaelettronica]],IF(BnB[[#This Row],[Test]]="b","Non disponibile",IF(BnB[[#This Row],[Test]]="c",BnB[[#This Row],[Indirizzodipostaelettronica]],IF(BnB[[#This Row],[Test]]="d",BnB[[#This Row],[Indirizzodipostaelettronica]],BnB[[#This Row],[Indirizzointernet]])))) -> Non disponibile | J98: =IF(BnB[[#This Row],[Test]]="a",BnB[[#This Row],[Indirizzointernet]],IF(BnB[[#This Row],[Test]]="b",CONCATENATE(BnB[[#This Row],[Indirizzointernet]],"; ",BnB[[#This Row],[Indirizzodipostaelettronica]]),IF(BnB[[#This Row],[Test]]="c",BnB[[#This Row],[Indirizzointernet]],IF(BnB[[#This Row],[Test]]="d",BnB[[#This Row],[Indirizzointernet]],BnB[[#This Row],[Indirizzodipostaelettronica]])))) -> affittacamere.torresi@gmail.com
A99: ALLOGGIINAFFITTO | B99: AFFITTACAMERETORRETTEDIANCONA | C99: viaConca14 | D99: ANCONA | E99: TorrettediAncona | F99: Non disponibile | H99: giannicesarone@gmail.com | I99: =IF(BnB[[#This Row],[Test]]="a",BnB[[#This Row],[Indirizzodipostaelettronica]],IF(BnB[[#This Row],[Test]]="b","Non disponibile",IF(BnB[[#This Row],[Test]]="c",BnB[[#This Row],[Indirizzodipostaelettronica]],IF(BnB[[#This Row],[Test]]="d",BnB[[#This Row],[Indirizzodipostaelettronica]],BnB[[#This Row],[Indirizzointernet]])))) -> Non disponibile | J99: =IF(BnB[[#This Row],[Test]]="a",BnB[[#This Row],[Indirizzointernet]],IF(BnB[[#This Row],[Test]]="b",CONCATENATE(BnB[[#This Row],[Indirizzointernet]],"; ",BnB[[#This Row],[Indirizzodipostaelettronica]]),IF(BnB[[#This Row],[Test]]="c",BnB[[#This Row],[Indirizzointernet]],IF(BnB[[#This Row],[Test]]="d",BnB[[#This Row],[Indirizzointernet]],BnB[[#This Row],[Indirizzodipostaelettronica]])))) -> giannicesarone@gmail.com
A100: ALLOGGIINAFFITTO | B100: AFFITTACAMERETRABALLONIFEDERICA | C100: borgosangiovanni33 | D100: ESANATOGLIA | E100: ESANATOGLIA | F100: Non disponibile | H100: debby.brugnolaòlibero.it | I100: =IF(BnB[[#This Row],[Test]]="a",BnB[[#This Row],[Indirizzodipostaelettronica]],IF(BnB[[#This Row],[Test]]="b","Non disponibile",IF(BnB[[#This Row],[Test]]="c",BnB[[#This Row],[Indirizzodipostaelettronica]],IF(BnB[[#This Row],[Test]]="d",BnB[[#This Row],[Indirizzodipostaelettronica]],BnB[[#This Row],[Indirizzointernet]])))) -> Non disponibile | J100: =IF(BnB[[#This Row],[Test]]="a",BnB[[#This Row],[Indirizzointernet]],IF(BnB[[#This Row],[Test]]="b",CONCATENATE(BnB[[#This Row],[Indirizzointernet]],"; ",BnB[[#This Row],[Indirizzodipostaelettronica]]),IF(BnB[[#This Row],[Test]]="c",BnB[[#This Row],[Indirizzointernet]],IF(BnB[[#This Row],[Test]]="d",BnB[[#This Row],[Indirizzointernet]],BnB[[#This Row],[Indirizzodipostaelettronica]])))) -> debby.brugnolaòlibero.it
A101: ALLOGGIINAFFITTO | B101: AFFITTACAMEREVELIAMAREELITE | C101: viadellaSirena3 | D101: NUMANA | E101: NUMANA | F101: www.veliamarenumana.it | H101: veliamarecamere@libero.it | I101: =IF(BnB[[#This Row],[Test]]="a",BnB[[#This Row],[Indirizzodipostaelettronica]],IF(BnB[[#This Row],[Test]]="b","Non disponibile",IF(BnB[[#This Row],[Test]]="c",BnB[[#This Row],[Indirizzodipostaelettronica]],IF(BnB[[#This Row],[Test]]="d",BnB[[#This Row],[Indirizzodipostaelettronica]],BnB[[#This Row],[Indirizzointernet]])))) -> www.veliamarenumana.it | J101: =IF(BnB[[#This Row],[Test]]="a",BnB[[#This Row],[Indirizzointernet]],IF(BnB[[#This Row],[Test]]="b",CONCATENATE(BnB[[#This Row],[Indirizzointernet]],"; ",BnB[[#This Row],[Indirizzodipostaelettronica]]),IF(BnB[[#This Row],[Test]]="c",BnB[[#This Row],[Indirizzointernet]],IF(BnB[[#This Row],[Test]]="d",BnB[[#This Row],[Indirizzointernet]],BnB[[#This Row],[Indirizzodipostaelettronica]])))) -> veliamarecamere@libero.it
A102: ALLOGGIINAFFITTO | B102: AFFITTACAMEREVILLACOLLE | C102: viaMacereto5 | D102: VISSO | E102: VISSO | F102: www.villacollevisso.com | H102: dominici.federica@tiscali.it | I102: =IF(BnB[[#This Row],[Test]]="a",BnB[[#This Row],[Indirizzodipostaelettronica]],IF(BnB[[#This Row],[Test]]="b","Non disponibile",IF(BnB[[#This Row],[Test]]="c",BnB[[#This Row],[Indirizzodipostaelettronica]],IF(BnB[[#This Row],[Test]]="d",BnB[[#This Row],[Indirizzodipostaelettronica]],BnB[[#This Row],[Indirizzointernet]])))) -> www.villacollevisso.com | J102: =IF(BnB[[#This Row],[Test]]="a",BnB[[#This Row],[Indirizzointernet]],IF(BnB[[#This Row],[Test]]="b",CONCATENATE(BnB[[#This Row],[Indirizzointernet]],"; ",BnB[[#This Row],[Indirizzodipostaelettronica]]),IF(BnB[[#This Row],[Test]]="c",BnB[[#This Row],[Indirizzointernet]],IF(BnB[[#This Row],[Test]]="d",BnB[[#This Row],[Indirizzointernet]],BnB[[#This Row],[Indirizzodipostaelettronica]])))) -> dominici.federica@tiscali.it
... A109: BED&BREAKFAST | B109: AGOSTIPIERFRANCESCO | C109: viacolli9 | D109: MERGO | E109: MERGO | F109: Non disponibile | H109: Non disponibile | I109: =IF(BnB[[#This Row],[Test]]="a",BnB[[#This Row],[Indirizzodipostaelettronica]],IF(BnB[[#This Row],[Test]]="b","Non disponibile",IF(BnB[[#This Row],[Test]]="c",BnB[[#This Row],[Indirizzodipostaelettronica]],IF(BnB[[#This Row],[Test]]="d",BnB[[#This Row],[Indirizzodipostaelettronica]],BnB[[#This Row],[Indirizzointernet]])))) -> Non disponibile | J109: =IF(BnB[[#This Row],[Test]]="a",BnB[[#This Row],[Indirizzointernet]],IF(BnB[[#This Row],[Test]]="b",CONCATENATE(BnB[[#This Row],[Indirizzointernet]],"; ",BnB[[#This Row],[Indirizzodipostaelettronica]]),IF(BnB[[#This Row],[Test]]="c",BnB[[#This Row],[Indirizzointernet]],IF(BnB[[#This Row],[Test]]="d",BnB[[#This Row],[Indirizzointernet]],BnB[[#This Row],[Indirizzodipostaelettronica]])))) -> Non disponibile
A110: ALLOGGIAGRITURISTICI | B110: AGRICAMPPICOBELLO | D110: MONTELPARO | E110: Non disponibile | F110: www.agricamppicobello.com | H110: info@agricamppicobello.com | I110: =IF(BnB[[#This Row],[Test]]="a",BnB[[#This Row],[Indirizzodipostaelettronica]],IF(BnB[[#This Row],[Test]]="b","Non disponibile",IF(BnB[[#This Row],[Test]]="c",BnB[[#This Row],[Indirizzodipostaelettronica]],IF(BnB[[#This Row],[Test]]="d",BnB[[#This Row],[Indirizzodipostaelettronica]],BnB[[#This Row],[Indirizzointernet]])))) -> www.agricamppicobello.com | J110: =IF(BnB[[#This Row],[Test]]="a",BnB[[#This Row],[Indirizzointernet]],IF(BnB[[#This Row],[Test]]="b",CONCATENATE(BnB[[#This Row],[Indirizzointernet]],"; ",BnB[[#This Row],[Indirizzodipostaelettronica]]),IF(BnB[[#This Row],[Test]]="c",BnB[[#This Row],[Indirizzointernet]],IF(BnB[[#This Row],[Test]]="d",BnB[[#This Row],[Indirizzointernet]],BnB[[#This Row],[Indirizzodipostaelettronica]])))) -> info@agricamppicobello.com
A111: ALLOGGIAGRITURISTICI | B111: AGRITURISMO"GOCCEDICAMARZANO" | C111: frazioneMOSCANO70 | D111: FABRIANO | E111: FABRIANO | F111: www.goccedicamarzano.it | H111: goccedicamarzano@libero.it | I111: =IF(BnB[[#This Row],[Test]]="a",BnB[[#This Row],[Indirizzodipostaelettronica]],IF(BnB[[#This Row],[Test]]="b","Non disponibile",IF(BnB[[#This Row],[Test]]="c",BnB[[#This Row],[Indirizzodipostaelettronica]],IF(BnB[[#This Row],[Test]]="d",BnB[[#This Row],[Indirizzodipostaelettronica]],BnB[[#This Row],[Indirizzointernet]])))) -> www.goccedicamarzano.it | J111: =IF(BnB[[#This Row],[Test]]="a",BnB[[#This Row],[Indirizzointernet]],IF(BnB[[#This Row],[Test]]="b",CONCATENATE(BnB[[#This Row],[Indirizzointernet]],"; ",BnB[[#This Row],[Indirizzodipostaelettronica]]),IF(BnB[[#This Row],[Test]]="c",BnB[[#This Row],[Indirizzointernet]],IF(BnB[[#This Row],[Test]]="d",BnB[[#This Row],[Indirizzointernet]],BnB[[#This Row],[Indirizzodipostaelettronica]])))) -> goccedicamarzano@libero.it
A112: ALLOGGIAGRITURISTICI | B112: AGRITURISMO"ILRUSTICO" | C112: ViaMadonnaBruna3 | D112: LAPEDONA | E112: LAPEDONA | F112: www.agriturismoilrustico.com | H112: info@agriturismoilrustico.com | I112: =IF(BnB[[#This Row],[Test]]="a",BnB[[#This Row],[Indirizzodipostaelettronica]],IF(BnB[[#This Row],[Test]]="b","Non disponibile",IF(BnB[[#This Row],[Test]]="c",BnB[[#This Row],[Indirizzodipostaelettronica]],IF(BnB[[#This Row],[Test]]="d",BnB[[#This Row],[Indirizzodipostaelettronica]],BnB[[#This Row],[Indirizzointernet]])))) -> www.agriturismoilrustico.com | J112: =IF(BnB[[#This Row],[Test]]="a",BnB[[#This Row],[Indirizzointernet]],IF(BnB[[#This Row],[Test]]="b",CONCATENATE(BnB[[#This Row],[Indirizzointernet]],"; ",BnB[[#This Row],[Indirizzodipostaelettronica]]),IF(BnB[[#This Row],[Test]]="c",BnB[[#This Row],[Indirizzointernet]],IF(BnB[[#This Row],[Test]]="d",BnB[[#This Row],[Indirizzointernet]],BnB[[#This Row],[Indirizzodipostaelettronica]])))) -> info@agriturismoilrustico.com
A113: ALLOGGIAGRITURISTICI | B113: AGRITURISMO"LAVALLEDELL'ORSO" | C113: viasalaria1 | D113: ACQUASANTATERME | E113: UMITO | F113: Non disponibile | H113: Non disponibile | I113: =IF(BnB[[#This Row],[Test]]="a",BnB[[#This Row],[Indirizzodipostaelettronica]],IF(BnB[[#This Row],[Test]]="b","Non disponibile",IF(BnB[[#This Row],[Test]]="c",BnB[[#This Row],[Indirizzodipostaelettronica]],IF(BnB[[#This Row],[Test]]="d",BnB[[#This Row],[Indirizzodipostaelettronica]],BnB[[#This Row],[Indirizzointernet]])))) -> Non disponibile | J113: =IF(BnB[[#This Row],[Test]]="a",BnB[[#This Row],[Indirizzointernet]],IF(BnB[[#This Row],[Test]]="b",CONCATENATE(BnB[[#This Row],[Indirizzointernet]],"; ",BnB[[#This Row],[Indirizzodipostaelettronica]]),IF(BnB[[#This Row],[Test]]="c",BnB[[#This Row],[Indirizzointernet]],IF(BnB[[#This Row],[Test]]="d",BnB[[#This Row],[Indirizzointernet]],BnB[[#This Row],[Indirizzodipostaelettronica]])))) -> Non disponibile
A114: ALLOGGIAGRITURISTICI | B114: AGRITURISMO"TERRAEVITA" | C114: contradachiarino62/A | D114: RECANATI | E114: RECANATI | F114: www.agriturismoterraevita.it | H114: coop.terraevita@email.it | I114: =IF(BnB[[#This Row],[Test]]="a",BnB[[#This Row],[Indirizzodipostaelettronica]],IF(BnB[[#This Row],[Test]]="b","Non disponibile",IF(BnB[[#This Row],[Test]]="c",BnB[[#This Row],[Indirizzodipostaelettronica]],IF(BnB[[#This Row],[Test]]="d",BnB[[#This Row],[Indirizzodipostaelettronica]],BnB[[#This Row],[Indirizzointernet]])))) -> www.agriturismoterraevita.it | J114: =IF(BnB[[#This Row],[Test]]="a",BnB[[#This Row],[Indirizzointernet]],IF(BnB[[#This Row],[Test]]="b",CONCATENATE(BnB[[#This Row],[Indirizzointernet]],"; ",BnB[[#This Row],[Indirizzodipostaelettronica]]),IF(BnB[[#This Row],[Test]]="c",BnB[[#This Row],[Indirizzointernet]],IF(BnB[[#This Row],[Test]]="d",BnB[[#This Row],[Indirizzointernet]],BnB[[#This Row],[Indirizzodipostaelettronica]])))) -> coop.terraevita@email.it
A115: ALLOGGIAGRITURISTICI | B115: AGRITURISMOAGRICAMPEGGIOSBREGA | C115: viapapiria87 | D115: FANO | E115: FANO | F115: http://www.agriturismosbrega.com/ | H115: agriturismo.sbrega@gmail.com | I115: =IF(BnB[[#This Row],[Test]]="a",BnB[[#This Row],[Indirizzodipostaelettronica]],IF(BnB[[#This Row],[Test]]="b","Non disponibile",IF(BnB[[#This Row],[Test]]="c",BnB[[#This Row],[Indirizzodipostaelettronica]],IF(BnB[[#This Row],[Test]]="d",BnB[[#This Row],[Indirizzodipostaelettronica]],BnB[[#This Row],[Indirizzointernet]])))) -> http://www.agriturismosbrega.com/ | J115: =IF(BnB[[#This Row],[Test]]="a",BnB[[#This Row],[Indirizzointernet]],IF(BnB[[#This Row],[Test]]="b",CONCATENATE(BnB[[#This Row],[Indirizzointernet]],"; ",BnB[[#This Row],[Indirizzodipostaelettronica]]),IF(BnB[[#This Row],[Test]]="c",BnB[[#This Row],[Indirizzointernet]],IF(BnB[[#This Row],[Test]]="d",BnB[[#This Row],[Indirizzointernet]],BnB[[#This Row],[Indirizzodipostaelettronica]])))) -> agriturismo.sbrega@gmail.com
A116: ALLOGGIAGRITURISTICI | B116: AGRITURISMOAGRIRIO | C116: ViaOfanto8 | D116: TAVULLIA | E116: TAVULLIA | F116: www.agririo.it | H116: agririo@libero.it | I116: =IF(BnB[[#This Row],[Test]]="a",BnB[[#This Row],[Indirizzodipostaelettronica]],IF(BnB[[#This Row],[Test]]="b","Non disponibile",IF(BnB[[#This Row],[Test]]="c",BnB[[#This Row],[Indirizzodipostaelettronica]],IF(BnB[[#This Row],[Test]]="d",BnB[[#This Row],[Indirizzodipostaelettronica]],BnB[[#This Row],[Indirizzointernet]])))) -> www.agririo.it | J116: =IF(BnB[[#This Row],[Test]]="a",BnB[[#This Row],[Indirizzointernet]],IF(BnB[[#This Row],[Test]]="b",CONCATENATE(BnB[[#This Row],[Indirizzointernet]],"; ",BnB[[#This Row],[Indirizzodipostaelettronica]]),IF(BnB[[#This Row],[Test]]="c",BnB[[#This Row],[Indirizzointernet]],IF(BnB[[#This Row],[Test]]="d",BnB[[#This Row],[Indirizzointernet]],BnB[[#This Row],[Indirizzodipostaelettronica]])))) -> agririo@libero.it
A117: ALLOGGIAGRITURISTICI | B117: AGRITURISMOAIOLINA | C117: loc.Aiolina17 | D117: SANT'ANGELOINVADO | E117: Non disponibile | F117: www.aiolinamonti.com | H117: info@aiolinamonti.com | I117: =IF(BnB[[#This Row],[Test]]="a",BnB[[#This Row],[Indirizzodipostaelettronica]],IF(BnB[[#This Row],[Test]]="b","Non disponibile",IF(BnB[[#This Row],[Test]]="c",BnB[[#This Row],[Indirizzodipostaelettronica]],IF(BnB[[#This Row],[Test]]="d",BnB[[#This Row],[Indirizzodipostaelettronica]],BnB[[#This Row],[Indirizzointernet]])))) -> www.aiolinamonti.com | J117: =IF(BnB[[#This Row],[Test]]="a",BnB[[#This Row],[Indirizzointernet]],IF(BnB[[#This Row],[Test]]="b",CONCATENATE(BnB[[#This Row],[Indirizzointernet]],"; ",BnB[[#This Row],[Indirizzodipostaelettronica]]),IF(BnB[[#This Row],[Test]]="c",BnB[[#This Row],[Indirizzointernet]],IF(BnB[[#This Row],[Test]]="d",BnB[[#This Row],[Indirizzointernet]],BnB[[#This Row],[Indirizzodipostaelettronica]])))) -> info@aiolinamonti.com
A118: ALLOGGIAGRITURISTICI | B118: AGRITURISMOALCREPUSCOLO | C118: frazionemontefiore55 | D118: RECANATI | E118: RECANATI | F118: www.alcrepuscolo.it | H118: info@alcrepuscolo.it | I118: =IF(BnB[[#This Row],[Test]]="a",BnB[[#This Row],[Indirizzodipostaelettronica]],IF(BnB[[#This Row],[Test]]="b","Non disponibile",IF(BnB[[#This Row],[Test]]="c",BnB[[#This Row],[Indirizzodipostaelettronica]],IF(BnB[[#This Row],[Test]]="d",BnB[[#This Row],[Indirizzodipostaelettronica]],BnB[[#This Row],[Indirizzointernet]])))) -> www.alcrepuscolo.it | J118: =IF(BnB[[#This Row],[Test]]="a",BnB[[#This Row],[Indirizzointernet]],IF(BnB[[#This Row],[Test]]="b",CONCATENATE(BnB[[#This Row],[Indirizzointernet]],"; ",BnB[[#This Row],[Indirizzodipostaelettronica]]),IF(BnB[[#This Row],[Test]]="c",BnB[[#This Row],[Indirizzointernet]],IF(BnB[[#This Row],[Test]]="d",BnB[[#This Row],[Indirizzointernet]],BnB[[#This Row],[Indirizzodipostaelettronica]])))) -> info@alcrepuscolo.it
A119: ALLOGGIAGRITURISTICI | B119: AGRITURISMOALLASOLAGNA | C119: contradaLaRocca29 | D119: COLLIDELTRONTO | E119: CollidelTronto | F119: www.allasolagna.it | H119: info-agriturismo@allasolagna.it | I119: =IF(BnB[[#This Row],[Test]]="a",BnB[[#This Row],[Indirizzodipostaelettronica]],IF(BnB[[#This Row],[Test]]="b","Non disponibile",IF(BnB[[#This Row],[Test]]="c",BnB[[#This Row],[Indirizzodipostaelettronica]],IF(BnB[[#This Row],[Test]]="d",BnB[[#This Row],[Indirizzodipostaelettronica]],BnB[[#This Row],[Indirizzointernet]])))) -> www.allasolagna.it | J119: =IF(BnB[[#This Row],[Test]]="a",BnB[[#This Row],[Indirizzointernet]],IF(BnB[[#This Row],[Test]]="b",CONCATENATE(BnB[[#This Row],[Indirizzointernet]],"; ",BnB[[#This Row],[Indirizzodipostaelettronica]]),IF(BnB[[#This Row],[Test]]="c",BnB[[#This Row],[Indirizzointernet]],IF(BnB[[#This Row],[Test]]="d",BnB[[#This Row],[Indirizzointernet]],BnB[[#This Row],[Indirizzodipostaelettronica]])))) -> info-agriturismo@allasolagna.it
A120: ALLOGGIAGRITURISTICI | B120: AGRITURISMOALLAVECCHIACASCINA | C120: vialepri10 | D120: CORINALDO | E120: CORINALDO | F120: www.agriturismocorinaldo.it | H120: info@agriturismocorinaldo.it | I120: =IF(BnB[[#This Row],[Test]]="a",BnB[[#This Row],[Indirizzodipostaelettronica]],IF(BnB[[#This Row],[Test]]="b","Non disponibile",IF(BnB[[#This Row],[Test]]="c",BnB[[#This Row],[Indirizzodipostaelettronica]],IF(BnB[[#This Row],[Test]]="d",BnB[[#This Row],[Indirizzodipostaelettronica]],BnB[[#This Row],[Indirizzointernet]])))) -> www.agriturismocorinaldo.it | J120: =IF(BnB[[#This Row],[Test]]="a",BnB[[#This Row],[Indirizzointernet]],IF(BnB[[#This Row],[Test]]="b",CONCATENATE(BnB[[#This Row],[Indirizzointernet]],"; ",BnB[[#This Row],[Indirizzodipostaelettronica]]),IF(BnB[[#This Row],[Test]]="c",BnB[[#This Row],[Indirizzointernet]],IF(BnB[[#This Row],[Test]]="d",BnB[[#This Row],[Indirizzointernet]],BnB[[#This Row],[Indirizzodipostaelettronica]])))) -> info@agriturismocorinaldo.it
A121: ALLOGGIAGRITURISTICI | B121: AGRITURISMOALPEDELLALUNA | D121: BORGOPACE | E121: Vildonnino | F121: http://www.alpedellaluna.it/ | H121: agr@alpedellaluna.it | I121: =IF(BnB[[#This Row],[Test]]="a",BnB[[#This Row],[Indirizzodipostaelettronica]],IF(BnB[[#This Row],[Test]]="b","Non disponibile",IF(BnB[[#This Row],[Test]]="c",BnB[[#This Row],[Indirizzodipostaelettronica]],IF(BnB[[#This Row],[Test]]="d",BnB[[#This Row],[Indirizzodipostaelettronica]],BnB[[#This Row],[Indirizzointernet]])))) -> http://www.alpedellaluna.it/ | J121: =IF(BnB[[#This Row],[Test]]="a",BnB[[#This Row],[Indirizzointernet]],IF(BnB[[#This Row],[Test]]="b",CONCATENATE(BnB[[#This Row],[Indirizzointernet]],"; ",BnB[[#This Row],[Indirizzodipostaelettronica]]),IF(BnB[[#This Row],[Test]]="c",BnB[[#This Row],[Indirizzointernet]],IF(BnB[[#This Row],[Test]]="d",BnB[[#This Row],[Indirizzointernet]],BnB[[#This Row],[Indirizzodipostaelettronica]])))) -> agr@alpedellaluna.it
A122: ALLOGGIAGRITURISTICI | B122: AGRITURISMOALTOTENNA | C122: Contr.Collicelli10 | D122: AMANDOLA | E122: AMANDOLA | F122: Non disponibile | H122: Non disponibile | I122: =IF(BnB[[#This Row],[Test]]="a",BnB[[#This Row],[Indirizzodipostaelettronica]],IF(BnB[[#This Row],[Test]]="b","Non disponibile",IF(BnB[[#This Row],[Test]]="c",BnB[[#This Row],[Indirizzodipostaelettronica]],IF(BnB[[#This Row],[Test]]="d",BnB[[#This Row],[Indirizzodipostaelettronica]],BnB[[#This Row],[Indirizzointernet]])))) -> Non disponibile | J122: =IF(BnB[[#This Row],[Test]]="a",BnB[[#This Row],[Indirizzointernet]],IF(BnB[[#This Row],[Test]]="b",CONCATENATE(BnB[[#This Row],[Indirizzointernet]],"; ",BnB[[#This Row],[Indirizzodipostaelettronica]]),IF(BnB[[#This Row],[Test]]="c",BnB[[#This Row],[Indirizzointernet]],IF(BnB[[#This Row],[Test]]="d",BnB[[#This Row],[Indirizzointernet]],BnB[[#This Row],[Indirizzodipostaelettronica]])))) -> Non disponibile
A123: ALLOGGIAGRITURISTICI | B123: AGRITURISMOAMARGI | C123: CONTRADACUGNOLO7 | D123: SMERILLO | E123: Non disponibile | F123: www.amargi.it | H123: info@amargi.it | I123: =IF(BnB[[#This Row],[Test]]="a",BnB[[#This Row],[Indirizzodipostaelettronica]],IF(BnB[[#This Row],[Test]]="b","Non disponibile",IF(BnB[[#This Row],[Test]]="c",BnB[[#This Row],[Indirizzodipostaelettronica]],IF(BnB[[#This Row],[Test]]="d",BnB[[#This Row],[Indirizzodipostaelettronica]],BnB[[#This Row],[Indirizzointernet]])))) -> www.amargi.it | J123: =IF(BnB[[#This Row],[Test]]="a",BnB[[#This Row],[Indirizzointernet]],IF(BnB[[#This Row],[Test]]="b",CONCATENATE(BnB[[#This Row],[Indirizzointernet]],"; ",BnB[[#This Row],[Indirizzodipostaelettronica]]),IF(BnB[[#This Row],[Test]]="c",BnB[[#This Row],[Indirizzointernet]],IF(BnB[[#This Row],[Test]]="d",BnB[[#This Row],[Indirizzointernet]],BnB[[#This Row],[Indirizzodipostaelettronica]])))) -> info@amargi.it
A124: ALLOGGIAGRITURISTICI | B124: AGRITURISMOANGELI | C124: viaCaprile15 | D124: SANLORENZOINCAMPO | E124: SANLORENZOINCAMPO | F124: Non disponibile | H124: agriturismoangeli06@libero.it | I124: =IF(BnB[[#This Row],[Test]]="a",BnB[[#This Row],[Indirizzodipostaelettronica]],IF(BnB[[#This Row],[Test]]="b","Non disponibile",IF(BnB[[#This Row],[Test]]="c",BnB[[#This Row],[Indirizzodipostaelettronica]],IF(BnB[[#This Row],[Test]]="d",BnB[[#This Row],[Indirizzodipostaelettronica]],BnB[[#This Row],[Indirizzointernet]])))) -> Non disponibile | J124: =IF(BnB[[#This Row],[Test]]="a",BnB[[#This Row],[Indirizzointernet]],IF(BnB[[#This Row],[Test]]="b",CONCATENATE(BnB[[#This Row],[Indirizzointernet]],"; ",BnB[[#This Row],[Indirizzodipostaelettronica]]),IF(BnB[[#This Row],[Test]]="c",BnB[[#This Row],[Indirizzointernet]],IF(BnB[[#This Row],[Test]]="d",BnB[[#This Row],[Indirizzointernet]],BnB[[#This Row],[Indirizzodipostaelettronica]])))) -> agriturismoangeli06@libero.it
A125: ALLOGGIAGRITURISTICI | B125: AGRITURISMOANTICHISAPORI | C125: contradaPianedelChienti37 | D125: CIVITANOVAMARCHE | E125: Non disponibile | F125: Non disponibile | H125: agriturismo.antichisapori@hotmail.it | I125: =IF(BnB[[#This Row],[Test]]="a",BnB[[#This Row],[Indirizzodipostaelettronica]],IF(BnB[[#This Row],[Test]]="b","Non disponibile",IF(BnB[[#This Row],[Test]]="c",BnB[[#This Row],[Indirizzodipostaelettronica]],IF(BnB[[#This Row],[Test]]="d",BnB[[#This Row],[Indirizzodipostaelettronica]],BnB[[#This Row],[Indirizzointernet]])))) -> Non disponibile | J125: =IF(BnB[[#This Row],[Test]]="a",BnB[[#This Row],[Indirizzointernet]],IF(BnB[[#This Row],[Test]]="b",CONCATENATE(BnB[[#This Row],[Indirizzointernet]],"; ",BnB[[#This Row],[Indirizzodipostaelettronica]]),IF(BnB[[#This Row],[Test]]="c",BnB[[#This Row],[Indirizzointernet]],IF(BnB[[#This Row],[Test]]="d",BnB[[#This Row],[Indirizzointernet]],BnB[[#This Row],[Indirizzodipostaelettronica]])))) -> agriturismo.antichisapori@hotmail.it
A126: ALLOGGIAGRITURISTICI | B126: AGRITURISMOAQUAVIVA | C126: viasantacaterina8 | D126: ACQUAVIVAPICENA | E126: ACQUAVIVAPICENA | F126: www.agriturismoaquaviva.net | H126: info@lapaesana.net | I126: =IF(BnB[[#This Row],[Test]]="a",BnB[[#This Row],[Indirizzodipostaelettronica]],IF(BnB[[#This Row],[Test]]="b","Non disponibile",IF(BnB[[#This Row],[Test]]="c",BnB[[#This Row],[Indirizzodipostaelettronica]],IF(BnB[[#This Row],[Test]]="d",BnB[[#This Row],[Indirizzodipostaelettronica]],BnB[[#This Row],[Indirizzointernet]])))) -> www.agriturismoaquaviva.net | J126: =IF(BnB[[#This Row],[Test]]="a",BnB[[#This Row],[Indirizzointernet]],IF(BnB[[#This Row],[Test]]="b",CONCATENATE(BnB[[#This Row],[Indirizzointernet]],"; ",BnB[[#This Row],[Indirizzodipostaelettronica]]),IF(BnB[[#This Row],[Test]]="c",BnB[[#This Row],[Indirizzointernet]],IF(BnB[[#This Row],[Test]]="d",BnB[[#This Row],[Indirizzointernet]],BnB[[#This Row],[Indirizzodipostaelettronica]])))) -> info@lapaesana.net
A127: ALLOGGIAGRITURISTICI | B127: AGRITURISMOARCERA | C127: frazioneForcella35 | D127: ROCCAFLUVIONE | E127: FORCELLA | F127: www.arcera.it | H127: larcera@libero.it | I127: =IF(BnB[[#This Row],[Test]]="a",BnB[[#This Row],[Indirizzodipostaelettronica]],IF(BnB[[#This Row],[Test]]="b","Non disponibile",IF(BnB[[#This Row],[Test]]="c",BnB[[#This Row],[Indirizzodipostaelettronica]],IF(BnB[[#This Row],[Test]]="d",BnB[[#This Row],[Indirizzodipostaelettronica]],BnB[[#This Row],[Indirizzointernet]])))) -> www.arcera.it | J127: =IF(BnB[[#This Row],[Test]]="a",BnB[[#This Row],[Indirizzointernet]],IF(BnB[[#This Row],[Test]]="b",CONCATENATE(BnB[[#This Row],[Indirizzointernet]],"; ",BnB[[#This Row],[Indirizzodipostaelettronica]]),IF(BnB[[#This Row],[Test]]="c",BnB[[#This Row],[Indirizzointernet]],IF(BnB[[#This Row],[Test]]="d",BnB[[#This Row],[Indirizzointernet]],BnB[[#This Row],[Indirizzodipostaelettronica]])))) -> larcera@libero.it
A128: ALLOGGIAGRITURISTICI | B128: AGRITURISMOASHRAMJOYTINAT | C128: viaRipa24 | D128: CORINALDO | E128: Non disponibile | F128: Non disponibile | H128: ashram@joytinat.it | I128: =IF(BnB[[#This Row],[Test]]="a",BnB[[#This Row],[Indirizzodipostaelettronica]],IF(BnB[[#This Row],[Test]]="b","Non disponibile",IF(BnB[[#This Row],[Test]]="c",BnB[[#This Row],[Indirizzodipostaelettronica]],IF(BnB[[#This Row],[Test]]="d",BnB[[#This Row],[Indirizzodipostaelettronica]],BnB[[#This Row],[Indirizzointernet]])))) -> Non disponibile | J128: =IF(BnB[[#This Row],[Test]]="a",BnB[[#This Row],[Indirizzointernet]],IF(BnB[[#This Row],[Test]]="b",CONCATENATE(BnB[[#This Row],[Indirizzointernet]],"; ",BnB[[#This Row],[Indirizzodipostaelettronica]]),IF(BnB[[#This Row],[Test]]="c",BnB[[#This Row],[Indirizzointernet]],IF(BnB[[#This Row],[Test]]="d",BnB[[#This Row],[Indirizzointernet]],BnB[[#This Row],[Indirizzodipostaelettronica]])))) -> ashram@joytinat.it
A129: ALLOGGIAGRITURISTICI | B129: AGRITURISMOAZIENDAAGRARIABONFIGLI | C129: viaPiagge2 | D129: FALERONE | E129: Non disponibile | F129: www.aziendabonfigli.it | H129: info@aziendabonfigli.it | I129: =IF(BnB[[#This Row],[Test]]="a",BnB[[#This Row],[Indirizzodipostaelettronica]],IF(BnB[[#This Row],[Test]]="b","Non disponibile",IF(BnB[[#This Row],[Test]]="c",BnB[[#This Row],[Indirizzodipostaelettronica]],IF(BnB[[#This Row],[Test]]="d",BnB[[#This Row],[Indirizzodipostaelettronica]],BnB[[#This Row],[Indirizzointernet]])))) -> www.aziendabonfigli.it | J129: =IF(BnB[[#This Row],[Test]]="a",BnB[[#This Row],[Indirizzointernet]],IF(BnB[[#This Row],[Test]]="b",CONCATENATE(BnB[[#This Row],[Indirizzointernet]],"; ",BnB[[#This Row],[Indirizzodipostaelettronica]]),IF(BnB[[#This Row],[Test]]="c",BnB[[#This Row],[Indirizzointernet]],IF(BnB[[#This Row],[Test]]="d",BnB[[#This Row],[Indirizzointernet]],BnB[[#This Row],[Indirizzodipostaelettronica]])))) -> info@aziendabonfigli.it
A130: ALLOGGIAGRITURISTICI | B130: AGRITURISMOAZIENDAAGRICOLAF.LLINOBILI | C130: viaPetricci18 | D130: MONTECICCARDO | E130: MONTECICCARDO | F130: Non disponibile | H130: nobili@pec.it | I130: =IF(BnB[[#This Row],[Test]]="a",BnB[[#This Row],[Indirizzodipostaelettronica]],IF(BnB[[#This Row],[Test]]="b","Non disponibile",IF(BnB[[#This Row],[Test]]="c",BnB[[#This Row],[Indirizzodipostaelettronica]],IF(BnB[[#This Row],[Test]]="d",BnB[[#This Row],[Indirizzodipostaelettronica]],BnB[[#This Row],[Indirizzointernet]])))) -> Non disponibile | J130: =IF(BnB[[#This Row],[Test]]="a",BnB[[#This Row],[Indirizzointernet]],IF(BnB[[#This Row],[Test]]="b",CONCATENATE(BnB[[#This Row],[Indirizzointernet]],"; ",BnB[[#This Row],[Indirizzodipostaelettronica]]),IF(BnB[[#This Row],[Test]]="c",BnB[[#This Row],[Indirizzointernet]],IF(BnB[[#This Row],[Test]]="d",BnB[[#This Row],[Indirizzointernet]],BnB[[#This Row],[Indirizzodipostaelettronica]])))) -> nobili@pec.it
A131: ALLOGGIAGRITURISTICI | B131: AGRITURISMOAZZURRO | C131: viasanvalentino61 | D131: OSIMO | E131: OSIMO | F131: www.agriturismoazzurro.it | H131: info@agriturismoazzurro.it | I131: =IF(BnB[[#This Row],[Test]]="a",BnB[[#This Row],[Indirizzodipostaelettronica]],IF(BnB[[#This Row],[Test]]="b","Non disponibile",IF(BnB[[#This Row],[Test]]="c",BnB[[#This Row],[Indirizzodipostaelettronica]],IF(BnB[[#This Row],[Test]]="d",BnB[[#This Row],[Indirizzodipostaelettronica]],BnB[[#This Row],[Indirizzointernet]])))) -> www.agriturismoazzurro.it | J131: =IF(BnB[[#This Row],[Test]]="a",BnB[[#This Row],[Indirizzointernet]],IF(BnB[[#This Row],[Test]]="b",CONCATENATE(BnB[[#This Row],[Indirizzointernet]],"; ",BnB[[#This Row],[Indirizzodipostaelettronica]]),IF(BnB[[#This Row],[Test]]="c",BnB[[#This Row],[Indirizzointernet]],IF(BnB[[#This Row],[Test]]="d",BnB[[#This Row],[Indirizzointernet]],BnB[[#This Row],[Indirizzodipostaelettronica]])))) -> info@agriturismoazzurro.it
A132: ALLOGGIAGRITURISTICI | B132: AGRITURISMOBACCHIOCCHIISABELLA | C132: viavillefonti4 | D132: ORCIANODIPESARO | E132: ORCIANODIPESARO | F132: www.agriturismobacchiocchi.it | H132: info@agriturismobacchiocchi.it | I132: =IF(BnB[[#This Row],[Test]]="a",BnB[[#This Row],[Indirizzodipostaelettronica]],IF(BnB[[#This Row],[Test]]="b","Non disponibile",IF(BnB[[#This Row],[Test]]="c",BnB[[#This Row],[Indirizzodipostaelettronica]],IF(BnB[[#This Row],[Test]]="d",BnB[[#This Row],[Indirizzodipostaelettronica]],BnB[[#This Row],[Indirizzointernet]])))) -> www.agriturismobacchiocchi.it | J132: =IF(BnB[[#This Row],[Test]]="a",BnB[[#This Row],[Indirizzointernet]],IF(BnB[[#This Row],[Test]]="b",CONCATENATE(BnB[[#This Row],[Indirizzointernet]],"; ",BnB[[#This Row],[Indirizzodipostaelettronica]]),IF(BnB[[#This Row],[Test]]="c",BnB[[#This Row],[Indirizzointernet]],IF(BnB[[#This Row],[Test]]="d",BnB[[#This Row],[Indirizzointernet]],BnB[[#This Row],[Indirizzodipostaelettronica]])))) -> info@agriturismobacchiocchi.it
A133: ALLOGGIAGRITURISTICI | B133: AGRITURISMOBADIA | C133: stradadellaGrancia20 | D133: PESARO | E133: PESARO | F133: www.badiagriturismo.it | H133: info@badiagriturismo.it | I133: =IF(BnB[[#This Row],[Test]]="a",BnB[[#This Row],[Indirizzodipostaelettronica]],IF(BnB[[#This Row],[Test]]="b","Non disponibile",IF(BnB[[#This Row],[Test]]="c",BnB[[#This Row],[Indirizzodipostaelettronica]],IF(BnB[[#This Row],[Test]]="d",BnB[[#This Row],[Indirizzodipostaelettronica]],BnB[[#This Row],[Indirizzointernet]])))) -> www.badiagriturismo.it | J133: =IF(BnB[[#This Row],[Test]]="a",BnB[[#This Row],[Indirizzointernet]],IF(BnB[[#This Row],[Test]]="b",CONCATENATE(BnB[[#This Row],[Indirizzointernet]],"; ",BnB[[#This Row],[Indirizzodipostaelettronica]]),IF(BnB[[#This Row],[Test]]="c",BnB[[#This Row],[Indirizzointernet]],IF(BnB[[#This Row],[Test]]="d",BnB[[#This Row],[Indirizzointernet]],BnB[[#This Row],[Indirizzodipostaelettronica]])))) -> info@badiagriturismo.it
...

Sheet Menu
B2: [Selezionare la struttura dal menu a tendina] | D2: LOCALITÀ J | E2: =+_xlfn.XLOOKUP(RICERCA!$C$4,BnB[Denominazione],BnB[Localita],"Non disponibile",0,1) -> SIROLO
B3: ='Strutture ricettive'!B2 -> 124AFFITTACAMERE
B4: ='Strutture ricettive'!B3 -> 2000diDIAMANTINIASSUNTA
B5: ='Strutture ricettive'!B4 -> 30NODI
B6: ='Strutture ricettive'!B5 -> 3JOLIE
B7: ='Strutture ricettive'!B6 -> 45.COM
B8: ='Strutture ricettive'!B7 -> 4PINI
B9: ='Strutture ricettive'!B8 -> 4SORELLE
B10: ='Strutture ricettive'!B9 -> 4STAGIONI
B11: ='Strutture ricettive'!B10 -> 5ALBERI
B12: ='Strutture ricettive'!B11 -> 5COLLI
B13: ='Strutture ricettive'!B12 -> 9CAMERE
B14: ='Strutture ricettive'!B13 -> A3PASSI
... B6260: ='Strutture ricettive'!B6259 -> ZONA31

Sheet RICERCA
B2: RICERCA STRUTTURA
B4: NOME STRUTTURA | C4: 3JOLIE
B5: CITTA' | C5: =+_xlfn.XLOOKUP($C$4,BnB[Denominazione],BnB[Città],"Non disponibile",0,1) -> SIROLO
B6: INDIRIZZO | C6: =+_xlfn.XLOOKUP($C$4,BnB[Denominazione],BnB[Indirizzo],"Non disponibile",0,1) -> vialeCadutidelLavoro1
B7: EMAIL | C7: =+_xlfn.XLOOKUP($C$4,BnB[Denominazione],BnB[IndirizzodipostaelettronicaClean],"Non disponibile",0,1) -> info@cameresirolo.com
B8: INDIRIZZO WEB | C8: =+_xlfn.XLOOKUP($C$4,BnB[Denominazione],BnB[IndirizzointernetClean],"Non disponibile",0,1) -> www.cameresirolo.com
B9: Numero totale strutture | C9: =COUNTA(BnB[Categoria]) -> 6258
B10: Numero strutture per LOCALITA' | C10: =IF(Menu!$E$2="Non disponibile","Dato non disponibile",COUNTIF(BnB[Localita],Menu!$E$2)) -> 49
